13:00:21 INFO  : Registering command handlers for SDK TCF services
13:00:21 INFO  : Launching XSCT server: xsct.bat -interactive C:\Users\super\OneDrive\Desktop\Universita\aes\assignment_3\temp_xsdb_launch_script.tcl
13:00:24 INFO  : XSCT server has started successfully.
13:00:27 INFO  : Successfully done setting XSCT server connection channel  
13:00:27 INFO  : Successfully done setting SDK workspace  
13:36:20 INFO  : Connected to target on host '127.0.0.1' and port '3121'.
13:36:21 INFO  : Jtag cable 'Digilent Zybo Z7 210351B0FC9BA' is selected.
13:36:21 INFO  : 'jtag frequency' command is executed.
13:36:21 INFO  : Sourcing of 'C:/Users/super/OneDrive/Desktop/Universita/aes/assignment_3/audio_lab.sdk/design_1_wrapper_hw_platform_1/ps7_init.tcl' is done.
13:36:21 INFO  : Context for 'APU' is selected.
13:36:21 INFO  : System reset is completed.
13:36:24 INFO  : 'after 3000' command is executed.
13:36:24 INFO  : 'targets -set -filter {jtag_cable_name =~ "Digilent Zybo Z7 210351B0FC9BA" && level==0} -index 1' command is executed.
13:36:25 INFO  : FPGA configured successfully with bitstream "C:/Users/super/OneDrive/Desktop/Universita/aes/assignment_3/audio_lab.sdk/design_1_wrapper_hw_platform_1/design_1_wrapper.bit"
13:36:25 INFO  : Context for 'APU' is selected.
13:36:26 INFO  : Hardware design information is loaded from 'C:/Users/super/OneDrive/Desktop/Universita/aes/assignment_3/audio_lab.sdk/design_1_wrapper_hw_platform_1/system.hdf'.
13:36:26 INFO  : 'configparams force-mem-access 1' command is executed.
13:36:26 INFO  : Context for 'APU' is selected.
13:36:26 INFO  : 'ps7_init' command is executed.
13:36:26 INFO  : 'ps7_post_config' command is executed.
13:36:26 INFO  : Context for processor 'ps7_cortexa9_0' is selected.
13:36:26 INFO  : The application 'C:/Users/super/OneDrive/Desktop/Universita/aes/assignment_3/master/Debug/master.elf' is downloaded to processor 'ps7_cortexa9_0'.
13:36:26 INFO  : 'configparams force-mem-access 0' command is executed.
13:36:26 INFO  : ----------------XSDB Script----------------
connect -url tcp:127.0.0.1:3121
source C:/Users/super/OneDrive/Desktop/Universita/aes/assignment_3/audio_lab.sdk/design_1_wrapper_hw_platform_1/ps7_init.tcl
targets -set -nocase -filter {name =~"APU*" && jtag_cable_name =~ "Digilent Zybo Z7 210351B0FC9BA"} -index 0
rst -system
after 3000
targets -set -filter {jtag_cable_name =~ "Digilent Zybo Z7 210351B0FC9BA" && level==0} -index 1
fpga -file C:/Users/super/OneDrive/Desktop/Universita/aes/assignment_3/audio_lab.sdk/design_1_wrapper_hw_platform_1/design_1_wrapper.bit
targets -set -nocase -filter {name =~"APU*" && jtag_cable_name =~ "Digilent Zybo Z7 210351B0FC9BA"} -index 0
loadhw -hw C:/Users/super/OneDrive/Desktop/Universita/aes/assignment_3/audio_lab.sdk/design_1_wrapper_hw_platform_1/system.hdf -mem-ranges [list {0x40000000 0xbfffffff}]
configparams force-mem-access 1
targets -set -nocase -filter {name =~"APU*" && jtag_cable_name =~ "Digilent Zybo Z7 210351B0FC9BA"} -index 0
ps7_init
ps7_post_config
targets -set -nocase -filter {name =~ "ARM*#0" && jtag_cable_name =~ "Digilent Zybo Z7 210351B0FC9BA"} -index 0
dow C:/Users/super/OneDrive/Desktop/Universita/aes/assignment_3/master/Debug/master.elf
configparams force-mem-access 0
----------------End of Script----------------

13:36:26 INFO  : Memory regions updated for context APU
13:36:26 INFO  : Context for processor 'ps7_cortexa9_0' is selected.
13:36:26 INFO  : 'con' command is executed.
13:36:26 INFO  : ----------------XSDB Script (After Launch)----------------
targets -set -nocase -filter {name =~ "ARM*#0" && jtag_cable_name =~ "Digilent Zybo Z7 210351B0FC9BA"} -index 0
con
----------------End of Script----------------

13:36:26 INFO  : Launch script is exported to file 'C:\Users\super\OneDrive\Desktop\Universita\aes\assignment_3\.sdk\launch_scripts\xilinx_c-c++_application_(system_debugger)\system_debugger_on_local.tcl'
13:41:14 INFO  : Disconnected from the channel tcfchan#1.
13:41:34 ERROR : Unexpected error while writing to XSCT Console View.
java.io.IOException: Output Stream is closed
	at org.eclipse.ui.console.IOConsoleOutputStream.encodedWrite(IOConsoleOutputStream.java:231)
	at org.eclipse.ui.console.IOConsoleOutputStream.write(IOConsoleOutputStream.java:226)
	at com.xilinx.sdk.targetmanager.ui.xsdb.XSDBConsolePresenter.appendToConsole(XSDBConsolePresenter.java:270)
	at com.xilinx.sdk.targetmanager.ui.xsdb.XSDBConsolePresenter.printOut(XSDBConsolePresenter.java:239)
	at com.xilinx.sdk.targetmanager.ui.xsdb.XSDBConsolePresenter.access$4(XSDBConsolePresenter.java:238)
	at com.xilinx.sdk.targetmanager.ui.xsdb.XSDBConsolePresenter$2.run(XSDBConsolePresenter.java:178)
	at org.eclipse.core.internal.jobs.Worker.run(Worker.java:55)
14:39:37 INFO  : Connected to target on host '127.0.0.1' and port '3121'.
14:39:38 INFO  : Jtag cable 'Digilent Zybo Z7 210351B0FC9BA' is selected.
14:39:38 INFO  : 'jtag frequency' command is executed.
14:39:38 INFO  : Sourcing of 'C:/Users/super/OneDrive/Desktop/Universita/aes/assignment_3/audio_lab.sdk/design_1_wrapper_hw_platform_1/ps7_init.tcl' is done.
14:39:38 INFO  : Context for 'APU' is selected.
14:39:38 INFO  : System reset is completed.
14:39:41 INFO  : 'after 3000' command is executed.
14:39:41 INFO  : 'targets -set -filter {jtag_cable_name =~ "Digilent Zybo Z7 210351B0FC9BA" && level==0} -index 1' command is executed.
14:39:42 INFO  : FPGA configured successfully with bitstream "C:/Users/super/OneDrive/Desktop/Universita/aes/assignment_3/audio_lab.sdk/design_1_wrapper_hw_platform_1/design_1_wrapper.bit"
14:39:42 INFO  : Context for 'APU' is selected.
14:39:42 INFO  : Hardware design information is loaded from 'C:/Users/super/OneDrive/Desktop/Universita/aes/assignment_3/audio_lab.sdk/design_1_wrapper_hw_platform_1/system.hdf'.
14:39:42 INFO  : 'configparams force-mem-access 1' command is executed.
14:39:42 INFO  : Context for 'APU' is selected.
14:39:43 INFO  : 'ps7_init' command is executed.
14:39:43 INFO  : 'ps7_post_config' command is executed.
14:39:43 INFO  : Context for processor 'ps7_cortexa9_0' is selected.
14:39:43 INFO  : The application 'C:/Users/super/OneDrive/Desktop/Universita/aes/assignment_3/master/Debug/master.elf' is downloaded to processor 'ps7_cortexa9_0'.
14:39:43 INFO  : 'configparams force-mem-access 0' command is executed.
14:39:43 INFO  : ----------------XSDB Script----------------
connect -url tcp:127.0.0.1:3121
source C:/Users/super/OneDrive/Desktop/Universita/aes/assignment_3/audio_lab.sdk/design_1_wrapper_hw_platform_1/ps7_init.tcl
targets -set -nocase -filter {name =~"APU*" && jtag_cable_name =~ "Digilent Zybo Z7 210351B0FC9BA"} -index 0
rst -system
after 3000
targets -set -filter {jtag_cable_name =~ "Digilent Zybo Z7 210351B0FC9BA" && level==0} -index 1
fpga -file C:/Users/super/OneDrive/Desktop/Universita/aes/assignment_3/audio_lab.sdk/design_1_wrapper_hw_platform_1/design_1_wrapper.bit
targets -set -nocase -filter {name =~"APU*" && jtag_cable_name =~ "Digilent Zybo Z7 210351B0FC9BA"} -index 0
loadhw -hw C:/Users/super/OneDrive/Desktop/Universita/aes/assignment_3/audio_lab.sdk/design_1_wrapper_hw_platform_1/system.hdf -mem-ranges [list {0x40000000 0xbfffffff}]
configparams force-mem-access 1
targets -set -nocase -filter {name =~"APU*" && jtag_cable_name =~ "Digilent Zybo Z7 210351B0FC9BA"} -index 0
ps7_init
ps7_post_config
targets -set -nocase -filter {name =~ "ARM*#0" && jtag_cable_name =~ "Digilent Zybo Z7 210351B0FC9BA"} -index 0
dow C:/Users/super/OneDrive/Desktop/Universita/aes/assignment_3/master/Debug/master.elf
configparams force-mem-access 0
----------------End of Script----------------

14:39:43 INFO  : Memory regions updated for context APU
14:39:43 INFO  : Context for processor 'ps7_cortexa9_0' is selected.
14:39:43 INFO  : 'con' command is executed.
14:39:43 INFO  : ----------------XSDB Script (After Launch)----------------
targets -set -nocase -filter {name =~ "ARM*#0" && jtag_cable_name =~ "Digilent Zybo Z7 210351B0FC9BA"} -index 0
con
----------------End of Script----------------

14:39:43 INFO  : Launch script is exported to file 'C:\Users\super\OneDrive\Desktop\Universita\aes\assignment_3\.sdk\launch_scripts\xilinx_c-c++_application_(system_debugger)\system_debugger_on_local.tcl'
14:40:16 INFO  : Disconnected from the channel tcfchan#2.
14:52:54 INFO  : Connected to target on host '127.0.0.1' and port '3121'.
14:52:55 INFO  : Jtag cable 'Digilent Zybo Z7 210351B0FC9BA' is selected.
14:52:55 INFO  : 'jtag frequency' command is executed.
14:52:55 INFO  : Sourcing of 'C:/Users/super/OneDrive/Desktop/Universita/aes/assignment_3/audio_lab.sdk/design_1_wrapper_hw_platform_1/ps7_init.tcl' is done.
14:52:55 INFO  : Context for 'APU' is selected.
14:52:55 INFO  : System reset is completed.
14:52:58 INFO  : 'after 3000' command is executed.
14:52:58 INFO  : 'targets -set -filter {jtag_cable_name =~ "Digilent Zybo Z7 210351B0FC9BA" && level==0} -index 1' command is executed.
14:52:59 INFO  : FPGA configured successfully with bitstream "C:/Users/super/OneDrive/Desktop/Universita/aes/assignment_3/audio_lab.sdk/design_1_wrapper_hw_platform_1/design_1_wrapper.bit"
14:52:59 INFO  : Context for 'APU' is selected.
14:53:00 INFO  : Hardware design information is loaded from 'C:/Users/super/OneDrive/Desktop/Universita/aes/assignment_3/audio_lab.sdk/design_1_wrapper_hw_platform_1/system.hdf'.
14:53:00 INFO  : 'configparams force-mem-access 1' command is executed.
14:53:00 INFO  : Context for 'APU' is selected.
14:53:01 INFO  : 'ps7_init' command is executed.
14:53:01 INFO  : 'ps7_post_config' command is executed.
14:53:01 INFO  : Context for processor 'ps7_cortexa9_0' is selected.
14:53:01 INFO  : The application 'C:/Users/super/OneDrive/Desktop/Universita/aes/assignment_3/master/Debug/master.elf' is downloaded to processor 'ps7_cortexa9_0'.
14:53:01 INFO  : 'configparams force-mem-access 0' command is executed.
14:53:01 INFO  : ----------------XSDB Script----------------
connect -url tcp:127.0.0.1:3121
source C:/Users/super/OneDrive/Desktop/Universita/aes/assignment_3/audio_lab.sdk/design_1_wrapper_hw_platform_1/ps7_init.tcl
targets -set -nocase -filter {name =~"APU*" && jtag_cable_name =~ "Digilent Zybo Z7 210351B0FC9BA"} -index 0
rst -system
after 3000
targets -set -filter {jtag_cable_name =~ "Digilent Zybo Z7 210351B0FC9BA" && level==0} -index 1
fpga -file C:/Users/super/OneDrive/Desktop/Universita/aes/assignment_3/audio_lab.sdk/design_1_wrapper_hw_platform_1/design_1_wrapper.bit
targets -set -nocase -filter {name =~"APU*" && jtag_cable_name =~ "Digilent Zybo Z7 210351B0FC9BA"} -index 0
loadhw -hw C:/Users/super/OneDrive/Desktop/Universita/aes/assignment_3/audio_lab.sdk/design_1_wrapper_hw_platform_1/system.hdf -mem-ranges [list {0x40000000 0xbfffffff}]
configparams force-mem-access 1
targets -set -nocase -filter {name =~"APU*" && jtag_cable_name =~ "Digilent Zybo Z7 210351B0FC9BA"} -index 0
ps7_init
ps7_post_config
targets -set -nocase -filter {name =~ "ARM*#0" && jtag_cable_name =~ "Digilent Zybo Z7 210351B0FC9BA"} -index 0
dow C:/Users/super/OneDrive/Desktop/Universita/aes/assignment_3/master/Debug/master.elf
configparams force-mem-access 0
----------------End of Script----------------

14:53:01 INFO  : Memory regions updated for context APU
14:53:01 INFO  : Context for processor 'ps7_cortexa9_0' is selected.
14:53:01 INFO  : 'con' command is executed.
14:53:01 INFO  : ----------------XSDB Script (After Launch)----------------
targets -set -nocase -filter {name =~ "ARM*#0" && jtag_cable_name =~ "Digilent Zybo Z7 210351B0FC9BA"} -index 0
con
----------------End of Script----------------

14:53:01 INFO  : Launch script is exported to file 'C:\Users\super\OneDrive\Desktop\Universita\aes\assignment_3\.sdk\launch_scripts\xilinx_c-c++_application_(system_debugger)\system_debugger_on_local.tcl'
14:55:25 INFO  : Disconnected from the channel tcfchan#3.
14:55:26 INFO  : Connected to target on host '127.0.0.1' and port '3121'.
14:55:26 INFO  : Jtag cable 'Digilent Zybo Z7 210351B0FC9BA' is selected.
14:55:26 INFO  : 'jtag frequency' command is executed.
14:55:26 INFO  : Sourcing of 'C:/Users/super/OneDrive/Desktop/Universita/aes/assignment_3/audio_lab.sdk/design_1_wrapper_hw_platform_1/ps7_init.tcl' is done.
14:55:26 INFO  : Context for 'APU' is selected.
14:55:26 INFO  : System reset is completed.
14:55:29 INFO  : 'after 3000' command is executed.
14:55:29 INFO  : 'targets -set -filter {jtag_cable_name =~ "Digilent Zybo Z7 210351B0FC9BA" && level==0} -index 1' command is executed.
14:55:30 INFO  : FPGA configured successfully with bitstream "C:/Users/super/OneDrive/Desktop/Universita/aes/assignment_3/audio_lab.sdk/design_1_wrapper_hw_platform_1/design_1_wrapper.bit"
14:55:30 INFO  : Context for 'APU' is selected.
14:55:31 INFO  : Hardware design information is loaded from 'C:/Users/super/OneDrive/Desktop/Universita/aes/assignment_3/audio_lab.sdk/design_1_wrapper_hw_platform_1/system.hdf'.
14:55:31 INFO  : 'configparams force-mem-access 1' command is executed.
14:55:31 INFO  : Context for 'APU' is selected.
14:55:31 INFO  : 'ps7_init' command is executed.
14:55:31 INFO  : 'ps7_post_config' command is executed.
14:55:31 INFO  : Context for processor 'ps7_cortexa9_0' is selected.
14:55:32 INFO  : The application 'C:/Users/super/OneDrive/Desktop/Universita/aes/assignment_3/master/Debug/master.elf' is downloaded to processor 'ps7_cortexa9_0'.
14:55:32 INFO  : Context for processor 'ps7_cortexa9_1' is selected.
14:55:32 INFO  : The application 'C:/Users/super/OneDrive/Desktop/Universita/aes/assignment_3/worker/Debug/worker.elf' is downloaded to processor 'ps7_cortexa9_1'.
14:55:32 INFO  : 'configparams force-mem-access 0' command is executed.
14:55:32 INFO  : ----------------XSDB Script----------------
connect -url tcp:127.0.0.1:3121
source C:/Users/super/OneDrive/Desktop/Universita/aes/assignment_3/audio_lab.sdk/design_1_wrapper_hw_platform_1/ps7_init.tcl
targets -set -nocase -filter {name =~"APU*" && jtag_cable_name =~ "Digilent Zybo Z7 210351B0FC9BA"} -index 0
rst -system
after 3000
targets -set -filter {jtag_cable_name =~ "Digilent Zybo Z7 210351B0FC9BA" && level==0} -index 1
fpga -file C:/Users/super/OneDrive/Desktop/Universita/aes/assignment_3/audio_lab.sdk/design_1_wrapper_hw_platform_1/design_1_wrapper.bit
targets -set -nocase -filter {name =~"APU*" && jtag_cable_name =~ "Digilent Zybo Z7 210351B0FC9BA"} -index 0
loadhw -hw C:/Users/super/OneDrive/Desktop/Universita/aes/assignment_3/audio_lab.sdk/design_1_wrapper_hw_platform_1/system.hdf -mem-ranges [list {0x40000000 0xbfffffff}]
configparams force-mem-access 1
targets -set -nocase -filter {name =~"APU*" && jtag_cable_name =~ "Digilent Zybo Z7 210351B0FC9BA"} -index 0
ps7_init
ps7_post_config
targets -set -nocase -filter {name =~ "ARM*#0" && jtag_cable_name =~ "Digilent Zybo Z7 210351B0FC9BA"} -index 0
dow C:/Users/super/OneDrive/Desktop/Universita/aes/assignment_3/master/Debug/master.elf
targets -set -nocase -filter {name =~ "ARM*#1" && jtag_cable_name =~ "Digilent Zybo Z7 210351B0FC9BA"} -index 0
dow C:/Users/super/OneDrive/Desktop/Universita/aes/assignment_3/worker/Debug/worker.elf
configparams force-mem-access 0
----------------End of Script----------------

14:55:32 INFO  : Memory regions updated for context APU
14:55:32 INFO  : Context for processor 'ps7_cortexa9_0' is selected.
14:55:32 INFO  : 'con' command is executed.
14:55:32 INFO  : Context for processor 'ps7_cortexa9_1' is selected.
14:55:32 INFO  : 'con' command is executed.
14:55:32 INFO  : ----------------XSDB Script (After Launch)----------------
targets -set -nocase -filter {name =~ "ARM*#0" && jtag_cable_name =~ "Digilent Zybo Z7 210351B0FC9BA"} -index 0
con
targets -set -nocase -filter {name =~ "ARM*#1" && jtag_cable_name =~ "Digilent Zybo Z7 210351B0FC9BA"} -index 0
con
----------------End of Script----------------

14:55:32 INFO  : Launch script is exported to file 'C:\Users\super\OneDrive\Desktop\Universita\aes\assignment_3\.sdk\launch_scripts\xilinx_c-c++_application_(system_debugger)\system_debugger_on_local.tcl'
14:56:56 INFO  : Disconnected from the channel tcfchan#4.
14:56:57 INFO  : Connected to target on host '127.0.0.1' and port '3121'.
14:56:57 INFO  : Jtag cable 'Digilent Zybo Z7 210351B0FC9BA' is selected.
14:56:57 INFO  : 'jtag frequency' command is executed.
14:56:57 INFO  : Sourcing of 'C:/Users/super/OneDrive/Desktop/Universita/aes/assignment_3/audio_lab.sdk/design_1_wrapper_hw_platform_1/ps7_init.tcl' is done.
14:56:57 INFO  : Context for 'APU' is selected.
14:56:58 INFO  : System reset is completed.
14:57:01 INFO  : 'after 3000' command is executed.
14:57:01 INFO  : 'targets -set -filter {jtag_cable_name =~ "Digilent Zybo Z7 210351B0FC9BA" && level==0} -index 1' command is executed.
14:57:02 INFO  : FPGA configured successfully with bitstream "C:/Users/super/OneDrive/Desktop/Universita/aes/assignment_3/audio_lab.sdk/design_1_wrapper_hw_platform_1/design_1_wrapper.bit"
14:57:02 INFO  : Context for 'APU' is selected.
14:57:03 INFO  : Hardware design information is loaded from 'C:/Users/super/OneDrive/Desktop/Universita/aes/assignment_3/audio_lab.sdk/design_1_wrapper_hw_platform_1/system.hdf'.
14:57:03 INFO  : 'configparams force-mem-access 1' command is executed.
14:57:03 INFO  : Context for 'APU' is selected.
14:57:03 INFO  : 'ps7_init' command is executed.
14:57:03 INFO  : 'ps7_post_config' command is executed.
14:57:03 INFO  : Context for processor 'ps7_cortexa9_0' is selected.
14:57:03 INFO  : The application 'C:/Users/super/OneDrive/Desktop/Universita/aes/assignment_3/master/Debug/master.elf' is downloaded to processor 'ps7_cortexa9_0'.
14:57:03 INFO  : Context for processor 'ps7_cortexa9_1' is selected.
14:57:03 INFO  : The application 'C:/Users/super/OneDrive/Desktop/Universita/aes/assignment_3/worker/Debug/worker.elf' is downloaded to processor 'ps7_cortexa9_1'.
14:57:03 INFO  : 'configparams force-mem-access 0' command is executed.
14:57:03 INFO  : ----------------XSDB Script----------------
connect -url tcp:127.0.0.1:3121
source C:/Users/super/OneDrive/Desktop/Universita/aes/assignment_3/audio_lab.sdk/design_1_wrapper_hw_platform_1/ps7_init.tcl
targets -set -nocase -filter {name =~"APU*" && jtag_cable_name =~ "Digilent Zybo Z7 210351B0FC9BA"} -index 0
rst -system
after 3000
targets -set -filter {jtag_cable_name =~ "Digilent Zybo Z7 210351B0FC9BA" && level==0} -index 1
fpga -file C:/Users/super/OneDrive/Desktop/Universita/aes/assignment_3/audio_lab.sdk/design_1_wrapper_hw_platform_1/design_1_wrapper.bit
targets -set -nocase -filter {name =~"APU*" && jtag_cable_name =~ "Digilent Zybo Z7 210351B0FC9BA"} -index 0
loadhw -hw C:/Users/super/OneDrive/Desktop/Universita/aes/assignment_3/audio_lab.sdk/design_1_wrapper_hw_platform_1/system.hdf -mem-ranges [list {0x40000000 0xbfffffff}]
configparams force-mem-access 1
targets -set -nocase -filter {name =~"APU*" && jtag_cable_name =~ "Digilent Zybo Z7 210351B0FC9BA"} -index 0
ps7_init
ps7_post_config
targets -set -nocase -filter {name =~ "ARM*#0" && jtag_cable_name =~ "Digilent Zybo Z7 210351B0FC9BA"} -index 0
dow C:/Users/super/OneDrive/Desktop/Universita/aes/assignment_3/master/Debug/master.elf
targets -set -nocase -filter {name =~ "ARM*#1" && jtag_cable_name =~ "Digilent Zybo Z7 210351B0FC9BA"} -index 0
dow C:/Users/super/OneDrive/Desktop/Universita/aes/assignment_3/worker/Debug/worker.elf
configparams force-mem-access 0
----------------End of Script----------------

14:57:04 INFO  : Memory regions updated for context APU
14:57:04 INFO  : Context for processor 'ps7_cortexa9_0' is selected.
14:57:04 INFO  : 'con' command is executed.
14:57:04 INFO  : Context for processor 'ps7_cortexa9_1' is selected.
14:57:04 INFO  : 'con' command is executed.
14:57:04 INFO  : ----------------XSDB Script (After Launch)----------------
targets -set -nocase -filter {name =~ "ARM*#0" && jtag_cable_name =~ "Digilent Zybo Z7 210351B0FC9BA"} -index 0
con
targets -set -nocase -filter {name =~ "ARM*#1" && jtag_cable_name =~ "Digilent Zybo Z7 210351B0FC9BA"} -index 0
con
----------------End of Script----------------

14:57:04 INFO  : Launch script is exported to file 'C:\Users\super\OneDrive\Desktop\Universita\aes\assignment_3\.sdk\launch_scripts\xilinx_c-c++_application_(system_debugger)\system_debugger_on_local.tcl'
14:57:52 INFO  : Disconnected from the channel tcfchan#5.
14:57:53 INFO  : Connected to target on host '127.0.0.1' and port '3121'.
14:57:53 INFO  : Jtag cable 'Digilent Zybo Z7 210351B0FC9BA' is selected.
14:57:53 INFO  : 'jtag frequency' command is executed.
14:57:53 INFO  : Sourcing of 'C:/Users/super/OneDrive/Desktop/Universita/aes/assignment_3/audio_lab.sdk/design_1_wrapper_hw_platform_1/ps7_init.tcl' is done.
14:57:53 INFO  : Context for 'APU' is selected.
14:57:53 INFO  : System reset is completed.
14:57:56 INFO  : 'after 3000' command is executed.
14:57:56 INFO  : 'targets -set -filter {jtag_cable_name =~ "Digilent Zybo Z7 210351B0FC9BA" && level==0} -index 1' command is executed.
14:57:57 INFO  : FPGA configured successfully with bitstream "C:/Users/super/OneDrive/Desktop/Universita/aes/assignment_3/audio_lab.sdk/design_1_wrapper_hw_platform_1/design_1_wrapper.bit"
14:57:57 INFO  : Context for 'APU' is selected.
14:57:58 INFO  : Hardware design information is loaded from 'C:/Users/super/OneDrive/Desktop/Universita/aes/assignment_3/audio_lab.sdk/design_1_wrapper_hw_platform_1/system.hdf'.
14:57:58 INFO  : 'configparams force-mem-access 1' command is executed.
14:57:58 INFO  : Context for 'APU' is selected.
14:57:58 INFO  : 'ps7_init' command is executed.
14:57:58 INFO  : 'ps7_post_config' command is executed.
14:57:59 INFO  : Context for processor 'ps7_cortexa9_0' is selected.
14:57:59 INFO  : The application 'C:/Users/super/OneDrive/Desktop/Universita/aes/assignment_3/master/Debug/master.elf' is downloaded to processor 'ps7_cortexa9_0'.
14:57:59 INFO  : Context for processor 'ps7_cortexa9_1' is selected.
14:57:59 INFO  : The application 'C:/Users/super/OneDrive/Desktop/Universita/aes/assignment_3/worker/Debug/worker.elf' is downloaded to processor 'ps7_cortexa9_1'.
14:57:59 INFO  : 'configparams force-mem-access 0' command is executed.
14:57:59 INFO  : ----------------XSDB Script----------------
connect -url tcp:127.0.0.1:3121
source C:/Users/super/OneDrive/Desktop/Universita/aes/assignment_3/audio_lab.sdk/design_1_wrapper_hw_platform_1/ps7_init.tcl
targets -set -nocase -filter {name =~"APU*" && jtag_cable_name =~ "Digilent Zybo Z7 210351B0FC9BA"} -index 0
rst -system
after 3000
targets -set -filter {jtag_cable_name =~ "Digilent Zybo Z7 210351B0FC9BA" && level==0} -index 1
fpga -file C:/Users/super/OneDrive/Desktop/Universita/aes/assignment_3/audio_lab.sdk/design_1_wrapper_hw_platform_1/design_1_wrapper.bit
targets -set -nocase -filter {name =~"APU*" && jtag_cable_name =~ "Digilent Zybo Z7 210351B0FC9BA"} -index 0
loadhw -hw C:/Users/super/OneDrive/Desktop/Universita/aes/assignment_3/audio_lab.sdk/design_1_wrapper_hw_platform_1/system.hdf -mem-ranges [list {0x40000000 0xbfffffff}]
configparams force-mem-access 1
targets -set -nocase -filter {name =~"APU*" && jtag_cable_name =~ "Digilent Zybo Z7 210351B0FC9BA"} -index 0
ps7_init
ps7_post_config
targets -set -nocase -filter {name =~ "ARM*#0" && jtag_cable_name =~ "Digilent Zybo Z7 210351B0FC9BA"} -index 0
dow C:/Users/super/OneDrive/Desktop/Universita/aes/assignment_3/master/Debug/master.elf
targets -set -nocase -filter {name =~ "ARM*#1" && jtag_cable_name =~ "Digilent Zybo Z7 210351B0FC9BA"} -index 0
dow C:/Users/super/OneDrive/Desktop/Universita/aes/assignment_3/worker/Debug/worker.elf
configparams force-mem-access 0
----------------End of Script----------------

14:57:59 INFO  : Memory regions updated for context APU
14:57:59 INFO  : Context for processor 'ps7_cortexa9_0' is selected.
14:57:59 INFO  : 'con' command is executed.
14:57:59 INFO  : Context for processor 'ps7_cortexa9_1' is selected.
14:57:59 INFO  : 'con' command is executed.
14:57:59 INFO  : ----------------XSDB Script (After Launch)----------------
targets -set -nocase -filter {name =~ "ARM*#0" && jtag_cable_name =~ "Digilent Zybo Z7 210351B0FC9BA"} -index 0
con
targets -set -nocase -filter {name =~ "ARM*#1" && jtag_cable_name =~ "Digilent Zybo Z7 210351B0FC9BA"} -index 0
con
----------------End of Script----------------

14:57:59 INFO  : Launch script is exported to file 'C:\Users\super\OneDrive\Desktop\Universita\aes\assignment_3\.sdk\launch_scripts\xilinx_c-c++_application_(system_debugger)\system_debugger_on_local.tcl'
14:58:32 INFO  : Disconnected from the channel tcfchan#6.
14:58:33 INFO  : Connected to target on host '127.0.0.1' and port '3121'.
14:58:33 INFO  : Jtag cable 'Digilent Zybo Z7 210351B0FC9BA' is selected.
14:58:33 INFO  : 'jtag frequency' command is executed.
14:58:33 INFO  : Sourcing of 'C:/Users/super/OneDrive/Desktop/Universita/aes/assignment_3/audio_lab.sdk/design_1_wrapper_hw_platform_1/ps7_init.tcl' is done.
14:58:33 INFO  : Context for 'APU' is selected.
14:58:33 INFO  : System reset is completed.
14:58:36 INFO  : 'after 3000' command is executed.
14:58:36 INFO  : 'targets -set -filter {jtag_cable_name =~ "Digilent Zybo Z7 210351B0FC9BA" && level==0} -index 1' command is executed.
14:58:38 INFO  : FPGA configured successfully with bitstream "C:/Users/super/OneDrive/Desktop/Universita/aes/assignment_3/audio_lab.sdk/design_1_wrapper_hw_platform_1/design_1_wrapper.bit"
14:58:38 INFO  : Context for 'APU' is selected.
14:58:38 INFO  : Hardware design information is loaded from 'C:/Users/super/OneDrive/Desktop/Universita/aes/assignment_3/audio_lab.sdk/design_1_wrapper_hw_platform_1/system.hdf'.
14:58:38 INFO  : 'configparams force-mem-access 1' command is executed.
14:58:38 INFO  : Context for 'APU' is selected.
14:58:39 INFO  : 'ps7_init' command is executed.
14:58:39 INFO  : 'ps7_post_config' command is executed.
14:58:39 INFO  : Context for processor 'ps7_cortexa9_0' is selected.
14:58:39 INFO  : The application 'C:/Users/super/OneDrive/Desktop/Universita/aes/assignment_3/master/Debug/master.elf' is downloaded to processor 'ps7_cortexa9_0'.
14:58:39 INFO  : Context for processor 'ps7_cortexa9_1' is selected.
14:58:39 INFO  : The application 'C:/Users/super/OneDrive/Desktop/Universita/aes/assignment_3/worker/Debug/worker.elf' is downloaded to processor 'ps7_cortexa9_1'.
14:58:39 INFO  : 'configparams force-mem-access 0' command is executed.
14:58:39 INFO  : ----------------XSDB Script----------------
connect -url tcp:127.0.0.1:3121
source C:/Users/super/OneDrive/Desktop/Universita/aes/assignment_3/audio_lab.sdk/design_1_wrapper_hw_platform_1/ps7_init.tcl
targets -set -nocase -filter {name =~"APU*" && jtag_cable_name =~ "Digilent Zybo Z7 210351B0FC9BA"} -index 0
rst -system
after 3000
targets -set -filter {jtag_cable_name =~ "Digilent Zybo Z7 210351B0FC9BA" && level==0} -index 1
fpga -file C:/Users/super/OneDrive/Desktop/Universita/aes/assignment_3/audio_lab.sdk/design_1_wrapper_hw_platform_1/design_1_wrapper.bit
targets -set -nocase -filter {name =~"APU*" && jtag_cable_name =~ "Digilent Zybo Z7 210351B0FC9BA"} -index 0
loadhw -hw C:/Users/super/OneDrive/Desktop/Universita/aes/assignment_3/audio_lab.sdk/design_1_wrapper_hw_platform_1/system.hdf -mem-ranges [list {0x40000000 0xbfffffff}]
configparams force-mem-access 1
targets -set -nocase -filter {name =~"APU*" && jtag_cable_name =~ "Digilent Zybo Z7 210351B0FC9BA"} -index 0
ps7_init
ps7_post_config
targets -set -nocase -filter {name =~ "ARM*#0" && jtag_cable_name =~ "Digilent Zybo Z7 210351B0FC9BA"} -index 0
dow C:/Users/super/OneDrive/Desktop/Universita/aes/assignment_3/master/Debug/master.elf
targets -set -nocase -filter {name =~ "ARM*#1" && jtag_cable_name =~ "Digilent Zybo Z7 210351B0FC9BA"} -index 0
dow C:/Users/super/OneDrive/Desktop/Universita/aes/assignment_3/worker/Debug/worker.elf
configparams force-mem-access 0
----------------End of Script----------------

14:58:39 INFO  : Memory regions updated for context APU
14:58:39 INFO  : Context for processor 'ps7_cortexa9_0' is selected.
14:58:39 INFO  : 'con' command is executed.
14:58:39 INFO  : Context for processor 'ps7_cortexa9_1' is selected.
14:58:39 INFO  : 'con' command is executed.
14:58:39 INFO  : ----------------XSDB Script (After Launch)----------------
targets -set -nocase -filter {name =~ "ARM*#0" && jtag_cable_name =~ "Digilent Zybo Z7 210351B0FC9BA"} -index 0
con
targets -set -nocase -filter {name =~ "ARM*#1" && jtag_cable_name =~ "Digilent Zybo Z7 210351B0FC9BA"} -index 0
con
----------------End of Script----------------

14:58:39 INFO  : Launch script is exported to file 'C:\Users\super\OneDrive\Desktop\Universita\aes\assignment_3\.sdk\launch_scripts\xilinx_c-c++_application_(system_debugger)\system_debugger_on_local.tcl'
14:59:56 INFO  : Disconnected from the channel tcfchan#7.
14:59:57 INFO  : Connected to target on host '127.0.0.1' and port '3121'.
14:59:57 INFO  : Jtag cable 'Digilent Zybo Z7 210351B0FC9BA' is selected.
14:59:57 INFO  : 'jtag frequency' command is executed.
14:59:57 INFO  : Sourcing of 'C:/Users/super/OneDrive/Desktop/Universita/aes/assignment_3/audio_lab.sdk/design_1_wrapper_hw_platform_1/ps7_init.tcl' is done.
14:59:57 INFO  : Context for 'APU' is selected.
14:59:57 INFO  : System reset is completed.
15:00:00 INFO  : 'after 3000' command is executed.
15:00:00 INFO  : 'targets -set -filter {jtag_cable_name =~ "Digilent Zybo Z7 210351B0FC9BA" && level==0} -index 1' command is executed.
15:00:02 INFO  : FPGA configured successfully with bitstream "C:/Users/super/OneDrive/Desktop/Universita/aes/assignment_3/audio_lab.sdk/design_1_wrapper_hw_platform_1/design_1_wrapper.bit"
15:00:02 INFO  : Context for 'APU' is selected.
15:00:03 INFO  : Hardware design information is loaded from 'C:/Users/super/OneDrive/Desktop/Universita/aes/assignment_3/audio_lab.sdk/design_1_wrapper_hw_platform_1/system.hdf'.
15:00:03 INFO  : 'configparams force-mem-access 1' command is executed.
15:00:03 INFO  : Context for 'APU' is selected.
15:00:03 INFO  : 'ps7_init' command is executed.
15:00:03 INFO  : 'ps7_post_config' command is executed.
15:00:03 INFO  : Context for processor 'ps7_cortexa9_0' is selected.
15:00:03 INFO  : The application 'C:/Users/super/OneDrive/Desktop/Universita/aes/assignment_3/master/Debug/master.elf' is downloaded to processor 'ps7_cortexa9_0'.
15:00:03 INFO  : Context for processor 'ps7_cortexa9_1' is selected.
15:00:03 INFO  : The application 'C:/Users/super/OneDrive/Desktop/Universita/aes/assignment_3/worker/Debug/worker.elf' is downloaded to processor 'ps7_cortexa9_1'.
15:00:03 INFO  : 'configparams force-mem-access 0' command is executed.
15:00:03 INFO  : ----------------XSDB Script----------------
connect -url tcp:127.0.0.1:3121
source C:/Users/super/OneDrive/Desktop/Universita/aes/assignment_3/audio_lab.sdk/design_1_wrapper_hw_platform_1/ps7_init.tcl
targets -set -nocase -filter {name =~"APU*" && jtag_cable_name =~ "Digilent Zybo Z7 210351B0FC9BA"} -index 0
rst -system
after 3000
targets -set -filter {jtag_cable_name =~ "Digilent Zybo Z7 210351B0FC9BA" && level==0} -index 1
fpga -file C:/Users/super/OneDrive/Desktop/Universita/aes/assignment_3/audio_lab.sdk/design_1_wrapper_hw_platform_1/design_1_wrapper.bit
targets -set -nocase -filter {name =~"APU*" && jtag_cable_name =~ "Digilent Zybo Z7 210351B0FC9BA"} -index 0
loadhw -hw C:/Users/super/OneDrive/Desktop/Universita/aes/assignment_3/audio_lab.sdk/design_1_wrapper_hw_platform_1/system.hdf -mem-ranges [list {0x40000000 0xbfffffff}]
configparams force-mem-access 1
targets -set -nocase -filter {name =~"APU*" && jtag_cable_name =~ "Digilent Zybo Z7 210351B0FC9BA"} -index 0
ps7_init
ps7_post_config
targets -set -nocase -filter {name =~ "ARM*#0" && jtag_cable_name =~ "Digilent Zybo Z7 210351B0FC9BA"} -index 0
dow C:/Users/super/OneDrive/Desktop/Universita/aes/assignment_3/master/Debug/master.elf
targets -set -nocase -filter {name =~ "ARM*#1" && jtag_cable_name =~ "Digilent Zybo Z7 210351B0FC9BA"} -index 0
dow C:/Users/super/OneDrive/Desktop/Universita/aes/assignment_3/worker/Debug/worker.elf
configparams force-mem-access 0
----------------End of Script----------------

15:00:03 INFO  : Memory regions updated for context APU
15:00:03 INFO  : Context for processor 'ps7_cortexa9_0' is selected.
15:00:03 INFO  : 'con' command is executed.
15:00:03 INFO  : Context for processor 'ps7_cortexa9_1' is selected.
15:00:03 INFO  : 'con' command is executed.
15:00:03 INFO  : ----------------XSDB Script (After Launch)----------------
targets -set -nocase -filter {name =~ "ARM*#0" && jtag_cable_name =~ "Digilent Zybo Z7 210351B0FC9BA"} -index 0
con
targets -set -nocase -filter {name =~ "ARM*#1" && jtag_cable_name =~ "Digilent Zybo Z7 210351B0FC9BA"} -index 0
con
----------------End of Script----------------

15:00:03 INFO  : Launch script is exported to file 'C:\Users\super\OneDrive\Desktop\Universita\aes\assignment_3\.sdk\launch_scripts\xilinx_c-c++_application_(system_debugger)\system_debugger_on_local.tcl'
15:06:50 INFO  : Disconnected from the channel tcfchan#8.
15:06:51 INFO  : Connected to target on host '127.0.0.1' and port '3121'.
15:06:51 INFO  : Jtag cable 'Digilent Zybo Z7 210351B0FC9BA' is selected.
15:06:51 INFO  : 'jtag frequency' command is executed.
15:06:51 INFO  : Sourcing of 'C:/Users/super/OneDrive/Desktop/Universita/aes/assignment_3/audio_lab.sdk/design_1_wrapper_hw_platform_1/ps7_init.tcl' is done.
15:06:51 INFO  : Context for 'APU' is selected.
15:06:51 INFO  : System reset is completed.
15:06:54 INFO  : 'after 3000' command is executed.
15:06:54 INFO  : 'targets -set -filter {jtag_cable_name =~ "Digilent Zybo Z7 210351B0FC9BA" && level==0} -index 1' command is executed.
15:06:55 INFO  : FPGA configured successfully with bitstream "C:/Users/super/OneDrive/Desktop/Universita/aes/assignment_3/audio_lab.sdk/design_1_wrapper_hw_platform_1/design_1_wrapper.bit"
15:06:55 INFO  : Context for 'APU' is selected.
15:06:56 INFO  : Hardware design information is loaded from 'C:/Users/super/OneDrive/Desktop/Universita/aes/assignment_3/audio_lab.sdk/design_1_wrapper_hw_platform_1/system.hdf'.
15:06:56 INFO  : 'configparams force-mem-access 1' command is executed.
15:06:56 INFO  : Context for 'APU' is selected.
15:06:56 INFO  : 'ps7_init' command is executed.
15:06:56 INFO  : 'ps7_post_config' command is executed.
15:06:56 INFO  : Context for processor 'ps7_cortexa9_0' is selected.
15:06:57 INFO  : The application 'C:/Users/super/OneDrive/Desktop/Universita/aes/assignment_3/master/Debug/master.elf' is downloaded to processor 'ps7_cortexa9_0'.
15:06:57 INFO  : Context for processor 'ps7_cortexa9_1' is selected.
15:06:57 INFO  : The application 'C:/Users/super/OneDrive/Desktop/Universita/aes/assignment_3/worker/Debug/worker.elf' is downloaded to processor 'ps7_cortexa9_1'.
15:06:57 INFO  : 'configparams force-mem-access 0' command is executed.
15:06:57 INFO  : ----------------XSDB Script----------------
connect -url tcp:127.0.0.1:3121
source C:/Users/super/OneDrive/Desktop/Universita/aes/assignment_3/audio_lab.sdk/design_1_wrapper_hw_platform_1/ps7_init.tcl
targets -set -nocase -filter {name =~"APU*" && jtag_cable_name =~ "Digilent Zybo Z7 210351B0FC9BA"} -index 0
rst -system
after 3000
targets -set -filter {jtag_cable_name =~ "Digilent Zybo Z7 210351B0FC9BA" && level==0} -index 1
fpga -file C:/Users/super/OneDrive/Desktop/Universita/aes/assignment_3/audio_lab.sdk/design_1_wrapper_hw_platform_1/design_1_wrapper.bit
targets -set -nocase -filter {name =~"APU*" && jtag_cable_name =~ "Digilent Zybo Z7 210351B0FC9BA"} -index 0
loadhw -hw C:/Users/super/OneDrive/Desktop/Universita/aes/assignment_3/audio_lab.sdk/design_1_wrapper_hw_platform_1/system.hdf -mem-ranges [list {0x40000000 0xbfffffff}]
configparams force-mem-access 1
targets -set -nocase -filter {name =~"APU*" && jtag_cable_name =~ "Digilent Zybo Z7 210351B0FC9BA"} -index 0
ps7_init
ps7_post_config
targets -set -nocase -filter {name =~ "ARM*#0" && jtag_cable_name =~ "Digilent Zybo Z7 210351B0FC9BA"} -index 0
dow C:/Users/super/OneDrive/Desktop/Universita/aes/assignment_3/master/Debug/master.elf
targets -set -nocase -filter {name =~ "ARM*#1" && jtag_cable_name =~ "Digilent Zybo Z7 210351B0FC9BA"} -index 0
dow C:/Users/super/OneDrive/Desktop/Universita/aes/assignment_3/worker/Debug/worker.elf
configparams force-mem-access 0
----------------End of Script----------------

15:06:57 INFO  : Memory regions updated for context APU
15:06:57 INFO  : Context for processor 'ps7_cortexa9_0' is selected.
15:06:57 INFO  : 'con' command is executed.
15:06:57 INFO  : Context for processor 'ps7_cortexa9_1' is selected.
15:06:57 INFO  : 'con' command is executed.
15:06:57 INFO  : ----------------XSDB Script (After Launch)----------------
targets -set -nocase -filter {name =~ "ARM*#0" && jtag_cable_name =~ "Digilent Zybo Z7 210351B0FC9BA"} -index 0
con
targets -set -nocase -filter {name =~ "ARM*#1" && jtag_cable_name =~ "Digilent Zybo Z7 210351B0FC9BA"} -index 0
con
----------------End of Script----------------

15:06:57 INFO  : Launch script is exported to file 'C:\Users\super\OneDrive\Desktop\Universita\aes\assignment_3\.sdk\launch_scripts\xilinx_c-c++_application_(system_debugger)\system_debugger_on_local.tcl'
15:08:48 INFO  : Disconnected from the channel tcfchan#9.
15:08:49 INFO  : Connected to target on host '127.0.0.1' and port '3121'.
15:08:49 INFO  : Jtag cable 'Digilent Zybo Z7 210351B0FC9BA' is selected.
15:08:49 INFO  : 'jtag frequency' command is executed.
15:08:49 INFO  : Sourcing of 'C:/Users/super/OneDrive/Desktop/Universita/aes/assignment_3/audio_lab.sdk/design_1_wrapper_hw_platform_1/ps7_init.tcl' is done.
15:08:49 INFO  : Context for 'APU' is selected.
15:08:49 INFO  : System reset is completed.
15:08:52 INFO  : 'after 3000' command is executed.
15:08:52 INFO  : 'targets -set -filter {jtag_cable_name =~ "Digilent Zybo Z7 210351B0FC9BA" && level==0} -index 1' command is executed.
15:08:54 INFO  : FPGA configured successfully with bitstream "C:/Users/super/OneDrive/Desktop/Universita/aes/assignment_3/audio_lab.sdk/design_1_wrapper_hw_platform_1/design_1_wrapper.bit"
15:08:54 INFO  : Context for 'APU' is selected.
15:08:55 INFO  : Hardware design information is loaded from 'C:/Users/super/OneDrive/Desktop/Universita/aes/assignment_3/audio_lab.sdk/design_1_wrapper_hw_platform_1/system.hdf'.
15:08:55 INFO  : 'configparams force-mem-access 1' command is executed.
15:08:55 INFO  : Context for 'APU' is selected.
15:08:55 INFO  : 'ps7_init' command is executed.
15:08:55 INFO  : 'ps7_post_config' command is executed.
15:08:55 INFO  : Context for processor 'ps7_cortexa9_0' is selected.
15:08:55 INFO  : The application 'C:/Users/super/OneDrive/Desktop/Universita/aes/assignment_3/master/Debug/master.elf' is downloaded to processor 'ps7_cortexa9_0'.
15:08:55 INFO  : Context for processor 'ps7_cortexa9_1' is selected.
15:08:55 INFO  : The application 'C:/Users/super/OneDrive/Desktop/Universita/aes/assignment_3/worker/Debug/worker.elf' is downloaded to processor 'ps7_cortexa9_1'.
15:08:55 INFO  : 'configparams force-mem-access 0' command is executed.
15:08:55 INFO  : ----------------XSDB Script----------------
connect -url tcp:127.0.0.1:3121
source C:/Users/super/OneDrive/Desktop/Universita/aes/assignment_3/audio_lab.sdk/design_1_wrapper_hw_platform_1/ps7_init.tcl
targets -set -nocase -filter {name =~"APU*" && jtag_cable_name =~ "Digilent Zybo Z7 210351B0FC9BA"} -index 0
rst -system
after 3000
targets -set -filter {jtag_cable_name =~ "Digilent Zybo Z7 210351B0FC9BA" && level==0} -index 1
fpga -file C:/Users/super/OneDrive/Desktop/Universita/aes/assignment_3/audio_lab.sdk/design_1_wrapper_hw_platform_1/design_1_wrapper.bit
targets -set -nocase -filter {name =~"APU*" && jtag_cable_name =~ "Digilent Zybo Z7 210351B0FC9BA"} -index 0
loadhw -hw C:/Users/super/OneDrive/Desktop/Universita/aes/assignment_3/audio_lab.sdk/design_1_wrapper_hw_platform_1/system.hdf -mem-ranges [list {0x40000000 0xbfffffff}]
configparams force-mem-access 1
targets -set -nocase -filter {name =~"APU*" && jtag_cable_name =~ "Digilent Zybo Z7 210351B0FC9BA"} -index 0
ps7_init
ps7_post_config
targets -set -nocase -filter {name =~ "ARM*#0" && jtag_cable_name =~ "Digilent Zybo Z7 210351B0FC9BA"} -index 0
dow C:/Users/super/OneDrive/Desktop/Universita/aes/assignment_3/master/Debug/master.elf
targets -set -nocase -filter {name =~ "ARM*#1" && jtag_cable_name =~ "Digilent Zybo Z7 210351B0FC9BA"} -index 0
dow C:/Users/super/OneDrive/Desktop/Universita/aes/assignment_3/worker/Debug/worker.elf
configparams force-mem-access 0
----------------End of Script----------------

15:08:55 INFO  : Memory regions updated for context APU
15:08:56 INFO  : Context for processor 'ps7_cortexa9_0' is selected.
15:08:56 INFO  : 'con' command is executed.
15:08:56 INFO  : Context for processor 'ps7_cortexa9_1' is selected.
15:08:56 INFO  : 'con' command is executed.
15:08:56 INFO  : ----------------XSDB Script (After Launch)----------------
targets -set -nocase -filter {name =~ "ARM*#0" && jtag_cable_name =~ "Digilent Zybo Z7 210351B0FC9BA"} -index 0
con
targets -set -nocase -filter {name =~ "ARM*#1" && jtag_cable_name =~ "Digilent Zybo Z7 210351B0FC9BA"} -index 0
con
----------------End of Script----------------

15:08:56 INFO  : Launch script is exported to file 'C:\Users\super\OneDrive\Desktop\Universita\aes\assignment_3\.sdk\launch_scripts\xilinx_c-c++_application_(system_debugger)\system_debugger_on_local.tcl'
15:09:44 INFO  : Disconnected from the channel tcfchan#10.
15:09:45 INFO  : Connected to target on host '127.0.0.1' and port '3121'.
15:09:45 INFO  : Jtag cable 'Digilent Zybo Z7 210351B0FC9BA' is selected.
15:09:45 INFO  : 'jtag frequency' command is executed.
15:09:45 INFO  : Sourcing of 'C:/Users/super/OneDrive/Desktop/Universita/aes/assignment_3/audio_lab.sdk/design_1_wrapper_hw_platform_1/ps7_init.tcl' is done.
15:09:45 INFO  : Context for 'APU' is selected.
15:09:45 INFO  : System reset is completed.
15:09:48 INFO  : 'after 3000' command is executed.
15:09:49 INFO  : 'targets -set -filter {jtag_cable_name =~ "Digilent Zybo Z7 210351B0FC9BA" && level==0} -index 1' command is executed.
15:09:50 INFO  : FPGA configured successfully with bitstream "C:/Users/super/OneDrive/Desktop/Universita/aes/assignment_3/audio_lab.sdk/design_1_wrapper_hw_platform_1/design_1_wrapper.bit"
15:09:50 INFO  : Context for 'APU' is selected.
15:09:51 INFO  : Hardware design information is loaded from 'C:/Users/super/OneDrive/Desktop/Universita/aes/assignment_3/audio_lab.sdk/design_1_wrapper_hw_platform_1/system.hdf'.
15:09:51 INFO  : 'configparams force-mem-access 1' command is executed.
15:09:51 INFO  : Context for 'APU' is selected.
15:09:51 INFO  : 'ps7_init' command is executed.
15:09:51 INFO  : 'ps7_post_config' command is executed.
15:09:51 INFO  : Context for processor 'ps7_cortexa9_0' is selected.
15:09:51 INFO  : The application 'C:/Users/super/OneDrive/Desktop/Universita/aes/assignment_3/master/Debug/master.elf' is downloaded to processor 'ps7_cortexa9_0'.
15:09:51 INFO  : Context for processor 'ps7_cortexa9_1' is selected.
15:09:51 INFO  : The application 'C:/Users/super/OneDrive/Desktop/Universita/aes/assignment_3/worker/Debug/worker.elf' is downloaded to processor 'ps7_cortexa9_1'.
15:09:51 INFO  : 'configparams force-mem-access 0' command is executed.
15:09:51 INFO  : ----------------XSDB Script----------------
connect -url tcp:127.0.0.1:3121
source C:/Users/super/OneDrive/Desktop/Universita/aes/assignment_3/audio_lab.sdk/design_1_wrapper_hw_platform_1/ps7_init.tcl
targets -set -nocase -filter {name =~"APU*" && jtag_cable_name =~ "Digilent Zybo Z7 210351B0FC9BA"} -index 0
rst -system
after 3000
targets -set -filter {jtag_cable_name =~ "Digilent Zybo Z7 210351B0FC9BA" && level==0} -index 1
fpga -file C:/Users/super/OneDrive/Desktop/Universita/aes/assignment_3/audio_lab.sdk/design_1_wrapper_hw_platform_1/design_1_wrapper.bit
targets -set -nocase -filter {name =~"APU*" && jtag_cable_name =~ "Digilent Zybo Z7 210351B0FC9BA"} -index 0
loadhw -hw C:/Users/super/OneDrive/Desktop/Universita/aes/assignment_3/audio_lab.sdk/design_1_wrapper_hw_platform_1/system.hdf -mem-ranges [list {0x40000000 0xbfffffff}]
configparams force-mem-access 1
targets -set -nocase -filter {name =~"APU*" && jtag_cable_name =~ "Digilent Zybo Z7 210351B0FC9BA"} -index 0
ps7_init
ps7_post_config
targets -set -nocase -filter {name =~ "ARM*#0" && jtag_cable_name =~ "Digilent Zybo Z7 210351B0FC9BA"} -index 0
dow C:/Users/super/OneDrive/Desktop/Universita/aes/assignment_3/master/Debug/master.elf
targets -set -nocase -filter {name =~ "ARM*#1" && jtag_cable_name =~ "Digilent Zybo Z7 210351B0FC9BA"} -index 0
dow C:/Users/super/OneDrive/Desktop/Universita/aes/assignment_3/worker/Debug/worker.elf
configparams force-mem-access 0
----------------End of Script----------------

15:09:51 INFO  : Memory regions updated for context APU
15:09:51 INFO  : Context for processor 'ps7_cortexa9_0' is selected.
15:09:51 INFO  : 'con' command is executed.
15:09:51 INFO  : Context for processor 'ps7_cortexa9_1' is selected.
15:09:51 INFO  : 'con' command is executed.
15:09:51 INFO  : ----------------XSDB Script (After Launch)----------------
targets -set -nocase -filter {name =~ "ARM*#0" && jtag_cable_name =~ "Digilent Zybo Z7 210351B0FC9BA"} -index 0
con
targets -set -nocase -filter {name =~ "ARM*#1" && jtag_cable_name =~ "Digilent Zybo Z7 210351B0FC9BA"} -index 0
con
----------------End of Script----------------

15:09:51 INFO  : Launch script is exported to file 'C:\Users\super\OneDrive\Desktop\Universita\aes\assignment_3\.sdk\launch_scripts\xilinx_c-c++_application_(system_debugger)\system_debugger_on_local.tcl'
15:12:29 INFO  : Disconnected from the channel tcfchan#11.
15:13:13 INFO  : Connected to target on host '127.0.0.1' and port '3121'.
15:13:13 INFO  : Jtag cable 'Digilent Zybo Z7 210351B0FC9BA' is selected.
15:13:13 INFO  : 'jtag frequency' command is executed.
15:13:13 INFO  : Sourcing of 'C:/Users/super/OneDrive/Desktop/Universita/aes/assignment_3/audio_lab.sdk/design_1_wrapper_hw_platform_1/ps7_init.tcl' is done.
15:13:13 INFO  : Context for 'APU' is selected.
15:13:13 INFO  : System reset is completed.
15:13:16 INFO  : 'after 3000' command is executed.
15:13:16 INFO  : 'targets -set -filter {jtag_cable_name =~ "Digilent Zybo Z7 210351B0FC9BA" && level==0} -index 1' command is executed.
15:13:17 INFO  : FPGA configured successfully with bitstream "C:/Users/super/OneDrive/Desktop/Universita/aes/assignment_3/audio_lab.sdk/design_1_wrapper_hw_platform_1/design_1_wrapper.bit"
15:13:17 INFO  : Context for 'APU' is selected.
15:13:18 INFO  : Hardware design information is loaded from 'C:/Users/super/OneDrive/Desktop/Universita/aes/assignment_3/audio_lab.sdk/design_1_wrapper_hw_platform_1/system.hdf'.
15:13:18 INFO  : 'configparams force-mem-access 1' command is executed.
15:13:18 INFO  : Context for 'APU' is selected.
15:13:19 INFO  : 'ps7_init' command is executed.
15:13:19 INFO  : 'ps7_post_config' command is executed.
15:13:19 INFO  : Context for processor 'ps7_cortexa9_0' is selected.
15:13:19 INFO  : The application 'C:/Users/super/OneDrive/Desktop/Universita/aes/assignment_3/master/Debug/master.elf' is downloaded to processor 'ps7_cortexa9_0'.
15:13:19 INFO  : Context for processor 'ps7_cortexa9_1' is selected.
15:13:19 INFO  : The application 'C:/Users/super/OneDrive/Desktop/Universita/aes/assignment_3/worker/Debug/worker.elf' is downloaded to processor 'ps7_cortexa9_1'.
15:13:19 INFO  : 'configparams force-mem-access 0' command is executed.
15:13:19 INFO  : ----------------XSDB Script----------------
connect -url tcp:127.0.0.1:3121
source C:/Users/super/OneDrive/Desktop/Universita/aes/assignment_3/audio_lab.sdk/design_1_wrapper_hw_platform_1/ps7_init.tcl
targets -set -nocase -filter {name =~"APU*" && jtag_cable_name =~ "Digilent Zybo Z7 210351B0FC9BA"} -index 0
rst -system
after 3000
targets -set -filter {jtag_cable_name =~ "Digilent Zybo Z7 210351B0FC9BA" && level==0} -index 1
fpga -file C:/Users/super/OneDrive/Desktop/Universita/aes/assignment_3/audio_lab.sdk/design_1_wrapper_hw_platform_1/design_1_wrapper.bit
targets -set -nocase -filter {name =~"APU*" && jtag_cable_name =~ "Digilent Zybo Z7 210351B0FC9BA"} -index 0
loadhw -hw C:/Users/super/OneDrive/Desktop/Universita/aes/assignment_3/audio_lab.sdk/design_1_wrapper_hw_platform_1/system.hdf -mem-ranges [list {0x40000000 0xbfffffff}]
configparams force-mem-access 1
targets -set -nocase -filter {name =~"APU*" && jtag_cable_name =~ "Digilent Zybo Z7 210351B0FC9BA"} -index 0
ps7_init
ps7_post_config
targets -set -nocase -filter {name =~ "ARM*#0" && jtag_cable_name =~ "Digilent Zybo Z7 210351B0FC9BA"} -index 0
dow C:/Users/super/OneDrive/Desktop/Universita/aes/assignment_3/master/Debug/master.elf
targets -set -nocase -filter {name =~ "ARM*#1" && jtag_cable_name =~ "Digilent Zybo Z7 210351B0FC9BA"} -index 0
dow C:/Users/super/OneDrive/Desktop/Universita/aes/assignment_3/worker/Debug/worker.elf
configparams force-mem-access 0
----------------End of Script----------------

15:13:19 INFO  : Memory regions updated for context APU
15:13:19 INFO  : Context for processor 'ps7_cortexa9_0' is selected.
15:13:19 INFO  : 'con' command is executed.
15:13:19 INFO  : Context for processor 'ps7_cortexa9_1' is selected.
15:13:19 INFO  : 'con' command is executed.
15:13:19 INFO  : ----------------XSDB Script (After Launch)----------------
targets -set -nocase -filter {name =~ "ARM*#0" && jtag_cable_name =~ "Digilent Zybo Z7 210351B0FC9BA"} -index 0
con
targets -set -nocase -filter {name =~ "ARM*#1" && jtag_cable_name =~ "Digilent Zybo Z7 210351B0FC9BA"} -index 0
con
----------------End of Script----------------

15:13:19 INFO  : Launch script is exported to file 'C:\Users\super\OneDrive\Desktop\Universita\aes\assignment_3\.sdk\launch_scripts\xilinx_c-c++_application_(system_debugger)\system_debugger_on_local.tcl'
15:20:05 INFO  : Disconnected from the channel tcfchan#12.
15:20:06 INFO  : Connected to target on host '127.0.0.1' and port '3121'.
15:20:06 INFO  : Jtag cable 'Digilent Zybo Z7 210351B0FC9BA' is selected.
15:20:06 INFO  : 'jtag frequency' command is executed.
15:20:06 INFO  : Sourcing of 'C:/Users/super/OneDrive/Desktop/Universita/aes/assignment_3/audio_lab.sdk/design_1_wrapper_hw_platform_1/ps7_init.tcl' is done.
15:20:06 INFO  : Context for 'APU' is selected.
15:20:07 INFO  : System reset is completed.
15:20:10 INFO  : 'after 3000' command is executed.
15:20:10 INFO  : 'targets -set -filter {jtag_cable_name =~ "Digilent Zybo Z7 210351B0FC9BA" && level==0} -index 1' command is executed.
15:20:11 INFO  : FPGA configured successfully with bitstream "C:/Users/super/OneDrive/Desktop/Universita/aes/assignment_3/audio_lab.sdk/design_1_wrapper_hw_platform_1/design_1_wrapper.bit"
15:20:11 INFO  : Context for 'APU' is selected.
15:20:12 INFO  : Hardware design information is loaded from 'C:/Users/super/OneDrive/Desktop/Universita/aes/assignment_3/audio_lab.sdk/design_1_wrapper_hw_platform_1/system.hdf'.
15:20:12 INFO  : 'configparams force-mem-access 1' command is executed.
15:20:12 INFO  : Context for 'APU' is selected.
15:20:12 INFO  : 'ps7_init' command is executed.
15:20:12 INFO  : 'ps7_post_config' command is executed.
15:20:12 INFO  : Context for processor 'ps7_cortexa9_0' is selected.
15:20:12 INFO  : The application 'C:/Users/super/OneDrive/Desktop/Universita/aes/assignment_3/master/Debug/master.elf' is downloaded to processor 'ps7_cortexa9_0'.
15:20:12 INFO  : Context for processor 'ps7_cortexa9_1' is selected.
15:20:12 INFO  : The application 'C:/Users/super/OneDrive/Desktop/Universita/aes/assignment_3/worker/Debug/worker.elf' is downloaded to processor 'ps7_cortexa9_1'.
15:20:12 INFO  : 'configparams force-mem-access 0' command is executed.
15:20:12 INFO  : ----------------XSDB Script----------------
connect -url tcp:127.0.0.1:3121
source C:/Users/super/OneDrive/Desktop/Universita/aes/assignment_3/audio_lab.sdk/design_1_wrapper_hw_platform_1/ps7_init.tcl
targets -set -nocase -filter {name =~"APU*" && jtag_cable_name =~ "Digilent Zybo Z7 210351B0FC9BA"} -index 0
rst -system
after 3000
targets -set -filter {jtag_cable_name =~ "Digilent Zybo Z7 210351B0FC9BA" && level==0} -index 1
fpga -file C:/Users/super/OneDrive/Desktop/Universita/aes/assignment_3/audio_lab.sdk/design_1_wrapper_hw_platform_1/design_1_wrapper.bit
targets -set -nocase -filter {name =~"APU*" && jtag_cable_name =~ "Digilent Zybo Z7 210351B0FC9BA"} -index 0
loadhw -hw C:/Users/super/OneDrive/Desktop/Universita/aes/assignment_3/audio_lab.sdk/design_1_wrapper_hw_platform_1/system.hdf -mem-ranges [list {0x40000000 0xbfffffff}]
configparams force-mem-access 1
targets -set -nocase -filter {name =~"APU*" && jtag_cable_name =~ "Digilent Zybo Z7 210351B0FC9BA"} -index 0
ps7_init
ps7_post_config
targets -set -nocase -filter {name =~ "ARM*#0" && jtag_cable_name =~ "Digilent Zybo Z7 210351B0FC9BA"} -index 0
dow C:/Users/super/OneDrive/Desktop/Universita/aes/assignment_3/master/Debug/master.elf
targets -set -nocase -filter {name =~ "ARM*#1" && jtag_cable_name =~ "Digilent Zybo Z7 210351B0FC9BA"} -index 0
dow C:/Users/super/OneDrive/Desktop/Universita/aes/assignment_3/worker/Debug/worker.elf
configparams force-mem-access 0
----------------End of Script----------------

15:20:12 INFO  : Memory regions updated for context APU
15:20:12 INFO  : Context for processor 'ps7_cortexa9_0' is selected.
15:20:12 INFO  : 'con' command is executed.
15:20:12 INFO  : Context for processor 'ps7_cortexa9_1' is selected.
15:20:12 INFO  : 'con' command is executed.
15:20:12 INFO  : ----------------XSDB Script (After Launch)----------------
targets -set -nocase -filter {name =~ "ARM*#0" && jtag_cable_name =~ "Digilent Zybo Z7 210351B0FC9BA"} -index 0
con
targets -set -nocase -filter {name =~ "ARM*#1" && jtag_cable_name =~ "Digilent Zybo Z7 210351B0FC9BA"} -index 0
con
----------------End of Script----------------

15:20:12 INFO  : Launch script is exported to file 'C:\Users\super\OneDrive\Desktop\Universita\aes\assignment_3\.sdk\launch_scripts\xilinx_c-c++_application_(system_debugger)\system_debugger_on_local.tcl'
15:21:21 INFO  : Disconnected from the channel tcfchan#13.
15:21:22 INFO  : Connected to target on host '127.0.0.1' and port '3121'.
15:21:22 INFO  : Jtag cable 'Digilent Zybo Z7 210351B0FC9BA' is selected.
15:21:22 INFO  : 'jtag frequency' command is executed.
15:21:22 INFO  : Sourcing of 'C:/Users/super/OneDrive/Desktop/Universita/aes/assignment_3/audio_lab.sdk/design_1_wrapper_hw_platform_1/ps7_init.tcl' is done.
15:21:22 INFO  : Context for 'APU' is selected.
15:21:22 INFO  : System reset is completed.
15:21:25 INFO  : 'after 3000' command is executed.
15:21:25 INFO  : 'targets -set -filter {jtag_cable_name =~ "Digilent Zybo Z7 210351B0FC9BA" && level==0} -index 1' command is executed.
15:21:27 INFO  : FPGA configured successfully with bitstream "C:/Users/super/OneDrive/Desktop/Universita/aes/assignment_3/audio_lab.sdk/design_1_wrapper_hw_platform_1/design_1_wrapper.bit"
15:21:27 INFO  : Context for 'APU' is selected.
15:21:28 INFO  : Hardware design information is loaded from 'C:/Users/super/OneDrive/Desktop/Universita/aes/assignment_3/audio_lab.sdk/design_1_wrapper_hw_platform_1/system.hdf'.
15:21:28 INFO  : 'configparams force-mem-access 1' command is executed.
15:21:28 INFO  : Context for 'APU' is selected.
15:21:28 INFO  : 'ps7_init' command is executed.
15:21:28 INFO  : 'ps7_post_config' command is executed.
15:21:28 INFO  : Context for processor 'ps7_cortexa9_0' is selected.
15:21:28 INFO  : The application 'C:/Users/super/OneDrive/Desktop/Universita/aes/assignment_3/master/Debug/master.elf' is downloaded to processor 'ps7_cortexa9_0'.
15:21:28 INFO  : Context for processor 'ps7_cortexa9_1' is selected.
15:21:28 INFO  : The application 'C:/Users/super/OneDrive/Desktop/Universita/aes/assignment_3/worker/Debug/worker.elf' is downloaded to processor 'ps7_cortexa9_1'.
15:21:28 INFO  : 'configparams force-mem-access 0' command is executed.
15:21:28 INFO  : ----------------XSDB Script----------------
connect -url tcp:127.0.0.1:3121
source C:/Users/super/OneDrive/Desktop/Universita/aes/assignment_3/audio_lab.sdk/design_1_wrapper_hw_platform_1/ps7_init.tcl
targets -set -nocase -filter {name =~"APU*" && jtag_cable_name =~ "Digilent Zybo Z7 210351B0FC9BA"} -index 0
rst -system
after 3000
targets -set -filter {jtag_cable_name =~ "Digilent Zybo Z7 210351B0FC9BA" && level==0} -index 1
fpga -file C:/Users/super/OneDrive/Desktop/Universita/aes/assignment_3/audio_lab.sdk/design_1_wrapper_hw_platform_1/design_1_wrapper.bit
targets -set -nocase -filter {name =~"APU*" && jtag_cable_name =~ "Digilent Zybo Z7 210351B0FC9BA"} -index 0
loadhw -hw C:/Users/super/OneDrive/Desktop/Universita/aes/assignment_3/audio_lab.sdk/design_1_wrapper_hw_platform_1/system.hdf -mem-ranges [list {0x40000000 0xbfffffff}]
configparams force-mem-access 1
targets -set -nocase -filter {name =~"APU*" && jtag_cable_name =~ "Digilent Zybo Z7 210351B0FC9BA"} -index 0
ps7_init
ps7_post_config
targets -set -nocase -filter {name =~ "ARM*#0" && jtag_cable_name =~ "Digilent Zybo Z7 210351B0FC9BA"} -index 0
dow C:/Users/super/OneDrive/Desktop/Universita/aes/assignment_3/master/Debug/master.elf
targets -set -nocase -filter {name =~ "ARM*#1" && jtag_cable_name =~ "Digilent Zybo Z7 210351B0FC9BA"} -index 0
dow C:/Users/super/OneDrive/Desktop/Universita/aes/assignment_3/worker/Debug/worker.elf
configparams force-mem-access 0
----------------End of Script----------------

15:21:28 INFO  : Memory regions updated for context APU
15:21:28 INFO  : Context for processor 'ps7_cortexa9_0' is selected.
15:21:28 INFO  : 'con' command is executed.
15:21:28 INFO  : Context for processor 'ps7_cortexa9_1' is selected.
15:21:28 INFO  : 'con' command is executed.
15:21:28 INFO  : ----------------XSDB Script (After Launch)----------------
targets -set -nocase -filter {name =~ "ARM*#0" && jtag_cable_name =~ "Digilent Zybo Z7 210351B0FC9BA"} -index 0
con
targets -set -nocase -filter {name =~ "ARM*#1" && jtag_cable_name =~ "Digilent Zybo Z7 210351B0FC9BA"} -index 0
con
----------------End of Script----------------

15:21:28 INFO  : Launch script is exported to file 'C:\Users\super\OneDrive\Desktop\Universita\aes\assignment_3\.sdk\launch_scripts\xilinx_c-c++_application_(system_debugger)\system_debugger_on_local.tcl'
15:21:50 INFO  : Disconnected from the channel tcfchan#14.
15:21:51 INFO  : Connected to target on host '127.0.0.1' and port '3121'.
15:21:51 INFO  : Jtag cable 'Digilent Zybo Z7 210351B0FC9BA' is selected.
15:21:51 INFO  : 'jtag frequency' command is executed.
15:21:51 INFO  : Sourcing of 'C:/Users/super/OneDrive/Desktop/Universita/aes/assignment_3/audio_lab.sdk/design_1_wrapper_hw_platform_1/ps7_init.tcl' is done.
15:21:51 INFO  : Context for 'APU' is selected.
15:21:51 INFO  : System reset is completed.
15:21:54 INFO  : 'after 3000' command is executed.
15:21:54 INFO  : 'targets -set -filter {jtag_cable_name =~ "Digilent Zybo Z7 210351B0FC9BA" && level==0} -index 1' command is executed.
15:21:55 INFO  : FPGA configured successfully with bitstream "C:/Users/super/OneDrive/Desktop/Universita/aes/assignment_3/audio_lab.sdk/design_1_wrapper_hw_platform_1/design_1_wrapper.bit"
15:21:55 INFO  : Context for 'APU' is selected.
15:21:56 INFO  : Hardware design information is loaded from 'C:/Users/super/OneDrive/Desktop/Universita/aes/assignment_3/audio_lab.sdk/design_1_wrapper_hw_platform_1/system.hdf'.
15:21:56 INFO  : 'configparams force-mem-access 1' command is executed.
15:21:56 INFO  : Context for 'APU' is selected.
15:21:56 INFO  : 'ps7_init' command is executed.
15:21:56 INFO  : 'ps7_post_config' command is executed.
15:21:56 INFO  : Context for processor 'ps7_cortexa9_0' is selected.
15:21:57 INFO  : The application 'C:/Users/super/OneDrive/Desktop/Universita/aes/assignment_3/master/Debug/master.elf' is downloaded to processor 'ps7_cortexa9_0'.
15:21:57 INFO  : Context for processor 'ps7_cortexa9_1' is selected.
15:21:57 INFO  : The application 'C:/Users/super/OneDrive/Desktop/Universita/aes/assignment_3/worker/Debug/worker.elf' is downloaded to processor 'ps7_cortexa9_1'.
15:21:57 INFO  : 'configparams force-mem-access 0' command is executed.
15:21:57 INFO  : ----------------XSDB Script----------------
connect -url tcp:127.0.0.1:3121
source C:/Users/super/OneDrive/Desktop/Universita/aes/assignment_3/audio_lab.sdk/design_1_wrapper_hw_platform_1/ps7_init.tcl
targets -set -nocase -filter {name =~"APU*" && jtag_cable_name =~ "Digilent Zybo Z7 210351B0FC9BA"} -index 0
rst -system
after 3000
targets -set -filter {jtag_cable_name =~ "Digilent Zybo Z7 210351B0FC9BA" && level==0} -index 1
fpga -file C:/Users/super/OneDrive/Desktop/Universita/aes/assignment_3/audio_lab.sdk/design_1_wrapper_hw_platform_1/design_1_wrapper.bit
targets -set -nocase -filter {name =~"APU*" && jtag_cable_name =~ "Digilent Zybo Z7 210351B0FC9BA"} -index 0
loadhw -hw C:/Users/super/OneDrive/Desktop/Universita/aes/assignment_3/audio_lab.sdk/design_1_wrapper_hw_platform_1/system.hdf -mem-ranges [list {0x40000000 0xbfffffff}]
configparams force-mem-access 1
targets -set -nocase -filter {name =~"APU*" && jtag_cable_name =~ "Digilent Zybo Z7 210351B0FC9BA"} -index 0
ps7_init
ps7_post_config
targets -set -nocase -filter {name =~ "ARM*#0" && jtag_cable_name =~ "Digilent Zybo Z7 210351B0FC9BA"} -index 0
dow C:/Users/super/OneDrive/Desktop/Universita/aes/assignment_3/master/Debug/master.elf
targets -set -nocase -filter {name =~ "ARM*#1" && jtag_cable_name =~ "Digilent Zybo Z7 210351B0FC9BA"} -index 0
dow C:/Users/super/OneDrive/Desktop/Universita/aes/assignment_3/worker/Debug/worker.elf
configparams force-mem-access 0
----------------End of Script----------------

15:21:57 INFO  : Memory regions updated for context APU
15:21:57 INFO  : Context for processor 'ps7_cortexa9_0' is selected.
15:21:57 INFO  : 'con' command is executed.
15:21:57 INFO  : Context for processor 'ps7_cortexa9_1' is selected.
15:21:57 INFO  : 'con' command is executed.
15:21:57 INFO  : ----------------XSDB Script (After Launch)----------------
targets -set -nocase -filter {name =~ "ARM*#0" && jtag_cable_name =~ "Digilent Zybo Z7 210351B0FC9BA"} -index 0
con
targets -set -nocase -filter {name =~ "ARM*#1" && jtag_cable_name =~ "Digilent Zybo Z7 210351B0FC9BA"} -index 0
con
----------------End of Script----------------

15:21:57 INFO  : Launch script is exported to file 'C:\Users\super\OneDrive\Desktop\Universita\aes\assignment_3\.sdk\launch_scripts\xilinx_c-c++_application_(system_debugger)\system_debugger_on_local.tcl'
15:22:39 INFO  : Disconnected from the channel tcfchan#15.
15:22:40 INFO  : Connected to target on host '127.0.0.1' and port '3121'.
15:22:40 INFO  : Jtag cable 'Digilent Zybo Z7 210351B0FC9BA' is selected.
15:22:40 INFO  : 'jtag frequency' command is executed.
15:22:40 INFO  : Sourcing of 'C:/Users/super/OneDrive/Desktop/Universita/aes/assignment_3/audio_lab.sdk/design_1_wrapper_hw_platform_1/ps7_init.tcl' is done.
15:22:40 INFO  : Context for 'APU' is selected.
15:22:40 INFO  : System reset is completed.
15:22:43 INFO  : 'after 3000' command is executed.
15:22:43 INFO  : 'targets -set -filter {jtag_cable_name =~ "Digilent Zybo Z7 210351B0FC9BA" && level==0} -index 1' command is executed.
15:22:44 INFO  : FPGA configured successfully with bitstream "C:/Users/super/OneDrive/Desktop/Universita/aes/assignment_3/audio_lab.sdk/design_1_wrapper_hw_platform_1/design_1_wrapper.bit"
15:22:44 INFO  : Context for 'APU' is selected.
15:22:45 INFO  : Hardware design information is loaded from 'C:/Users/super/OneDrive/Desktop/Universita/aes/assignment_3/audio_lab.sdk/design_1_wrapper_hw_platform_1/system.hdf'.
15:22:45 INFO  : 'configparams force-mem-access 1' command is executed.
15:22:45 INFO  : Context for 'APU' is selected.
15:22:45 INFO  : 'ps7_init' command is executed.
15:22:45 INFO  : 'ps7_post_config' command is executed.
15:22:45 INFO  : Context for processor 'ps7_cortexa9_0' is selected.
15:22:45 INFO  : The application 'C:/Users/super/OneDrive/Desktop/Universita/aes/assignment_3/master/Debug/master.elf' is downloaded to processor 'ps7_cortexa9_0'.
15:22:45 INFO  : Context for processor 'ps7_cortexa9_1' is selected.
15:22:46 INFO  : The application 'C:/Users/super/OneDrive/Desktop/Universita/aes/assignment_3/worker/Debug/worker.elf' is downloaded to processor 'ps7_cortexa9_1'.
15:22:46 INFO  : 'configparams force-mem-access 0' command is executed.
15:22:46 INFO  : ----------------XSDB Script----------------
connect -url tcp:127.0.0.1:3121
source C:/Users/super/OneDrive/Desktop/Universita/aes/assignment_3/audio_lab.sdk/design_1_wrapper_hw_platform_1/ps7_init.tcl
targets -set -nocase -filter {name =~"APU*" && jtag_cable_name =~ "Digilent Zybo Z7 210351B0FC9BA"} -index 0
rst -system
after 3000
targets -set -filter {jtag_cable_name =~ "Digilent Zybo Z7 210351B0FC9BA" && level==0} -index 1
fpga -file C:/Users/super/OneDrive/Desktop/Universita/aes/assignment_3/audio_lab.sdk/design_1_wrapper_hw_platform_1/design_1_wrapper.bit
targets -set -nocase -filter {name =~"APU*" && jtag_cable_name =~ "Digilent Zybo Z7 210351B0FC9BA"} -index 0
loadhw -hw C:/Users/super/OneDrive/Desktop/Universita/aes/assignment_3/audio_lab.sdk/design_1_wrapper_hw_platform_1/system.hdf -mem-ranges [list {0x40000000 0xbfffffff}]
configparams force-mem-access 1
targets -set -nocase -filter {name =~"APU*" && jtag_cable_name =~ "Digilent Zybo Z7 210351B0FC9BA"} -index 0
ps7_init
ps7_post_config
targets -set -nocase -filter {name =~ "ARM*#0" && jtag_cable_name =~ "Digilent Zybo Z7 210351B0FC9BA"} -index 0
dow C:/Users/super/OneDrive/Desktop/Universita/aes/assignment_3/master/Debug/master.elf
targets -set -nocase -filter {name =~ "ARM*#1" && jtag_cable_name =~ "Digilent Zybo Z7 210351B0FC9BA"} -index 0
dow C:/Users/super/OneDrive/Desktop/Universita/aes/assignment_3/worker/Debug/worker.elf
configparams force-mem-access 0
----------------End of Script----------------

15:22:46 INFO  : Memory regions updated for context APU
15:22:46 INFO  : Context for processor 'ps7_cortexa9_0' is selected.
15:22:46 INFO  : 'con' command is executed.
15:22:46 INFO  : Context for processor 'ps7_cortexa9_1' is selected.
15:22:46 INFO  : 'con' command is executed.
15:22:46 INFO  : ----------------XSDB Script (After Launch)----------------
targets -set -nocase -filter {name =~ "ARM*#0" && jtag_cable_name =~ "Digilent Zybo Z7 210351B0FC9BA"} -index 0
con
targets -set -nocase -filter {name =~ "ARM*#1" && jtag_cable_name =~ "Digilent Zybo Z7 210351B0FC9BA"} -index 0
con
----------------End of Script----------------

15:22:46 INFO  : Launch script is exported to file 'C:\Users\super\OneDrive\Desktop\Universita\aes\assignment_3\.sdk\launch_scripts\xilinx_c-c++_application_(system_debugger)\system_debugger_on_local.tcl'
15:23:26 INFO  : Disconnected from the channel tcfchan#16.
15:23:27 INFO  : Connected to target on host '127.0.0.1' and port '3121'.
15:23:28 INFO  : Jtag cable 'Digilent Zybo Z7 210351B0FC9BA' is selected.
15:23:28 INFO  : 'jtag frequency' command is executed.
15:23:28 INFO  : Sourcing of 'C:/Users/super/OneDrive/Desktop/Universita/aes/assignment_3/audio_lab.sdk/design_1_wrapper_hw_platform_1/ps7_init.tcl' is done.
15:23:28 INFO  : Context for 'APU' is selected.
15:23:28 INFO  : System reset is completed.
15:23:31 INFO  : 'after 3000' command is executed.
15:23:31 INFO  : 'targets -set -filter {jtag_cable_name =~ "Digilent Zybo Z7 210351B0FC9BA" && level==0} -index 1' command is executed.
15:23:32 INFO  : FPGA configured successfully with bitstream "C:/Users/super/OneDrive/Desktop/Universita/aes/assignment_3/audio_lab.sdk/design_1_wrapper_hw_platform_1/design_1_wrapper.bit"
15:23:32 INFO  : Context for 'APU' is selected.
15:23:33 INFO  : Hardware design information is loaded from 'C:/Users/super/OneDrive/Desktop/Universita/aes/assignment_3/audio_lab.sdk/design_1_wrapper_hw_platform_1/system.hdf'.
15:23:33 INFO  : 'configparams force-mem-access 1' command is executed.
15:23:33 INFO  : Context for 'APU' is selected.
15:23:33 INFO  : 'ps7_init' command is executed.
15:23:33 INFO  : 'ps7_post_config' command is executed.
15:23:33 INFO  : Context for processor 'ps7_cortexa9_0' is selected.
15:23:33 INFO  : The application 'C:/Users/super/OneDrive/Desktop/Universita/aes/assignment_3/master/Debug/master.elf' is downloaded to processor 'ps7_cortexa9_0'.
15:23:33 INFO  : Context for processor 'ps7_cortexa9_1' is selected.
15:23:33 INFO  : The application 'C:/Users/super/OneDrive/Desktop/Universita/aes/assignment_3/worker/Debug/worker.elf' is downloaded to processor 'ps7_cortexa9_1'.
15:23:33 INFO  : 'configparams force-mem-access 0' command is executed.
15:23:33 INFO  : ----------------XSDB Script----------------
connect -url tcp:127.0.0.1:3121
source C:/Users/super/OneDrive/Desktop/Universita/aes/assignment_3/audio_lab.sdk/design_1_wrapper_hw_platform_1/ps7_init.tcl
targets -set -nocase -filter {name =~"APU*" && jtag_cable_name =~ "Digilent Zybo Z7 210351B0FC9BA"} -index 0
rst -system
after 3000
targets -set -filter {jtag_cable_name =~ "Digilent Zybo Z7 210351B0FC9BA" && level==0} -index 1
fpga -file C:/Users/super/OneDrive/Desktop/Universita/aes/assignment_3/audio_lab.sdk/design_1_wrapper_hw_platform_1/design_1_wrapper.bit
targets -set -nocase -filter {name =~"APU*" && jtag_cable_name =~ "Digilent Zybo Z7 210351B0FC9BA"} -index 0
loadhw -hw C:/Users/super/OneDrive/Desktop/Universita/aes/assignment_3/audio_lab.sdk/design_1_wrapper_hw_platform_1/system.hdf -mem-ranges [list {0x40000000 0xbfffffff}]
configparams force-mem-access 1
targets -set -nocase -filter {name =~"APU*" && jtag_cable_name =~ "Digilent Zybo Z7 210351B0FC9BA"} -index 0
ps7_init
ps7_post_config
targets -set -nocase -filter {name =~ "ARM*#0" && jtag_cable_name =~ "Digilent Zybo Z7 210351B0FC9BA"} -index 0
dow C:/Users/super/OneDrive/Desktop/Universita/aes/assignment_3/master/Debug/master.elf
targets -set -nocase -filter {name =~ "ARM*#1" && jtag_cable_name =~ "Digilent Zybo Z7 210351B0FC9BA"} -index 0
dow C:/Users/super/OneDrive/Desktop/Universita/aes/assignment_3/worker/Debug/worker.elf
configparams force-mem-access 0
----------------End of Script----------------

15:23:33 INFO  : Memory regions updated for context APU
15:23:34 INFO  : Context for processor 'ps7_cortexa9_0' is selected.
15:23:34 INFO  : 'con' command is executed.
15:23:34 INFO  : Context for processor 'ps7_cortexa9_1' is selected.
15:23:34 INFO  : 'con' command is executed.
15:23:34 INFO  : ----------------XSDB Script (After Launch)----------------
targets -set -nocase -filter {name =~ "ARM*#0" && jtag_cable_name =~ "Digilent Zybo Z7 210351B0FC9BA"} -index 0
con
targets -set -nocase -filter {name =~ "ARM*#1" && jtag_cable_name =~ "Digilent Zybo Z7 210351B0FC9BA"} -index 0
con
----------------End of Script----------------

15:23:34 INFO  : Launch script is exported to file 'C:\Users\super\OneDrive\Desktop\Universita\aes\assignment_3\.sdk\launch_scripts\xilinx_c-c++_application_(system_debugger)\system_debugger_on_local.tcl'
15:26:05 INFO  : Disconnected from the channel tcfchan#17.
15:26:06 INFO  : Connected to target on host '127.0.0.1' and port '3121'.
15:26:06 INFO  : Jtag cable 'Digilent Zybo Z7 210351B0FC9BA' is selected.
15:26:06 INFO  : 'jtag frequency' command is executed.
15:26:06 INFO  : Sourcing of 'C:/Users/super/OneDrive/Desktop/Universita/aes/assignment_3/audio_lab.sdk/design_1_wrapper_hw_platform_1/ps7_init.tcl' is done.
15:26:06 INFO  : Context for 'APU' is selected.
15:26:06 INFO  : System reset is completed.
15:26:09 INFO  : 'after 3000' command is executed.
15:26:09 INFO  : 'targets -set -filter {jtag_cable_name =~ "Digilent Zybo Z7 210351B0FC9BA" && level==0} -index 1' command is executed.
15:26:10 INFO  : FPGA configured successfully with bitstream "C:/Users/super/OneDrive/Desktop/Universita/aes/assignment_3/audio_lab.sdk/design_1_wrapper_hw_platform_1/design_1_wrapper.bit"
15:26:10 INFO  : Context for 'APU' is selected.
15:26:11 INFO  : Hardware design information is loaded from 'C:/Users/super/OneDrive/Desktop/Universita/aes/assignment_3/audio_lab.sdk/design_1_wrapper_hw_platform_1/system.hdf'.
15:26:11 INFO  : 'configparams force-mem-access 1' command is executed.
15:26:11 INFO  : Context for 'APU' is selected.
15:26:12 INFO  : 'ps7_init' command is executed.
15:26:12 INFO  : 'ps7_post_config' command is executed.
15:26:12 INFO  : Context for processor 'ps7_cortexa9_0' is selected.
15:26:12 INFO  : The application 'C:/Users/super/OneDrive/Desktop/Universita/aes/assignment_3/master/Debug/master.elf' is downloaded to processor 'ps7_cortexa9_0'.
15:26:12 INFO  : Context for processor 'ps7_cortexa9_1' is selected.
15:26:12 INFO  : The application 'C:/Users/super/OneDrive/Desktop/Universita/aes/assignment_3/worker/Debug/worker.elf' is downloaded to processor 'ps7_cortexa9_1'.
15:26:12 INFO  : 'configparams force-mem-access 0' command is executed.
15:26:12 INFO  : ----------------XSDB Script----------------
connect -url tcp:127.0.0.1:3121
source C:/Users/super/OneDrive/Desktop/Universita/aes/assignment_3/audio_lab.sdk/design_1_wrapper_hw_platform_1/ps7_init.tcl
targets -set -nocase -filter {name =~"APU*" && jtag_cable_name =~ "Digilent Zybo Z7 210351B0FC9BA"} -index 0
rst -system
after 3000
targets -set -filter {jtag_cable_name =~ "Digilent Zybo Z7 210351B0FC9BA" && level==0} -index 1
fpga -file C:/Users/super/OneDrive/Desktop/Universita/aes/assignment_3/audio_lab.sdk/design_1_wrapper_hw_platform_1/design_1_wrapper.bit
targets -set -nocase -filter {name =~"APU*" && jtag_cable_name =~ "Digilent Zybo Z7 210351B0FC9BA"} -index 0
loadhw -hw C:/Users/super/OneDrive/Desktop/Universita/aes/assignment_3/audio_lab.sdk/design_1_wrapper_hw_platform_1/system.hdf -mem-ranges [list {0x40000000 0xbfffffff}]
configparams force-mem-access 1
targets -set -nocase -filter {name =~"APU*" && jtag_cable_name =~ "Digilent Zybo Z7 210351B0FC9BA"} -index 0
ps7_init
ps7_post_config
targets -set -nocase -filter {name =~ "ARM*#0" && jtag_cable_name =~ "Digilent Zybo Z7 210351B0FC9BA"} -index 0
dow C:/Users/super/OneDrive/Desktop/Universita/aes/assignment_3/master/Debug/master.elf
targets -set -nocase -filter {name =~ "ARM*#1" && jtag_cable_name =~ "Digilent Zybo Z7 210351B0FC9BA"} -index 0
dow C:/Users/super/OneDrive/Desktop/Universita/aes/assignment_3/worker/Debug/worker.elf
configparams force-mem-access 0
----------------End of Script----------------

15:26:12 INFO  : Memory regions updated for context APU
15:26:12 INFO  : Context for processor 'ps7_cortexa9_0' is selected.
15:26:12 INFO  : 'con' command is executed.
15:26:12 INFO  : Context for processor 'ps7_cortexa9_1' is selected.
15:26:12 INFO  : 'con' command is executed.
15:26:12 INFO  : ----------------XSDB Script (After Launch)----------------
targets -set -nocase -filter {name =~ "ARM*#0" && jtag_cable_name =~ "Digilent Zybo Z7 210351B0FC9BA"} -index 0
con
targets -set -nocase -filter {name =~ "ARM*#1" && jtag_cable_name =~ "Digilent Zybo Z7 210351B0FC9BA"} -index 0
con
----------------End of Script----------------

15:26:12 INFO  : Launch script is exported to file 'C:\Users\super\OneDrive\Desktop\Universita\aes\assignment_3\.sdk\launch_scripts\xilinx_c-c++_application_(system_debugger)\system_debugger_on_local.tcl'
15:27:43 INFO  : Disconnected from the channel tcfchan#18.
15:27:44 INFO  : Connected to target on host '127.0.0.1' and port '3121'.
15:27:44 INFO  : Jtag cable 'Digilent Zybo Z7 210351B0FC9BA' is selected.
15:27:44 INFO  : 'jtag frequency' command is executed.
15:27:44 INFO  : Sourcing of 'C:/Users/super/OneDrive/Desktop/Universita/aes/assignment_3/audio_lab.sdk/design_1_wrapper_hw_platform_1/ps7_init.tcl' is done.
15:27:44 INFO  : Context for 'APU' is selected.
15:27:44 INFO  : System reset is completed.
15:27:47 INFO  : 'after 3000' command is executed.
15:27:47 INFO  : 'targets -set -filter {jtag_cable_name =~ "Digilent Zybo Z7 210351B0FC9BA" && level==0} -index 1' command is executed.
15:27:48 INFO  : FPGA configured successfully with bitstream "C:/Users/super/OneDrive/Desktop/Universita/aes/assignment_3/audio_lab.sdk/design_1_wrapper_hw_platform_1/design_1_wrapper.bit"
15:27:48 INFO  : Context for 'APU' is selected.
15:27:49 INFO  : Hardware design information is loaded from 'C:/Users/super/OneDrive/Desktop/Universita/aes/assignment_3/audio_lab.sdk/design_1_wrapper_hw_platform_1/system.hdf'.
15:27:49 INFO  : 'configparams force-mem-access 1' command is executed.
15:27:49 INFO  : Context for 'APU' is selected.
15:27:49 INFO  : 'ps7_init' command is executed.
15:27:49 INFO  : 'ps7_post_config' command is executed.
15:27:49 INFO  : Context for processor 'ps7_cortexa9_0' is selected.
15:27:50 INFO  : The application 'C:/Users/super/OneDrive/Desktop/Universita/aes/assignment_3/master/Debug/master.elf' is downloaded to processor 'ps7_cortexa9_0'.
15:27:50 INFO  : Context for processor 'ps7_cortexa9_1' is selected.
15:27:50 INFO  : The application 'C:/Users/super/OneDrive/Desktop/Universita/aes/assignment_3/worker/Debug/worker.elf' is downloaded to processor 'ps7_cortexa9_1'.
15:27:50 INFO  : 'configparams force-mem-access 0' command is executed.
15:27:50 INFO  : ----------------XSDB Script----------------
connect -url tcp:127.0.0.1:3121
source C:/Users/super/OneDrive/Desktop/Universita/aes/assignment_3/audio_lab.sdk/design_1_wrapper_hw_platform_1/ps7_init.tcl
targets -set -nocase -filter {name =~"APU*" && jtag_cable_name =~ "Digilent Zybo Z7 210351B0FC9BA"} -index 0
rst -system
after 3000
targets -set -filter {jtag_cable_name =~ "Digilent Zybo Z7 210351B0FC9BA" && level==0} -index 1
fpga -file C:/Users/super/OneDrive/Desktop/Universita/aes/assignment_3/audio_lab.sdk/design_1_wrapper_hw_platform_1/design_1_wrapper.bit
targets -set -nocase -filter {name =~"APU*" && jtag_cable_name =~ "Digilent Zybo Z7 210351B0FC9BA"} -index 0
loadhw -hw C:/Users/super/OneDrive/Desktop/Universita/aes/assignment_3/audio_lab.sdk/design_1_wrapper_hw_platform_1/system.hdf -mem-ranges [list {0x40000000 0xbfffffff}]
configparams force-mem-access 1
targets -set -nocase -filter {name =~"APU*" && jtag_cable_name =~ "Digilent Zybo Z7 210351B0FC9BA"} -index 0
ps7_init
ps7_post_config
targets -set -nocase -filter {name =~ "ARM*#0" && jtag_cable_name =~ "Digilent Zybo Z7 210351B0FC9BA"} -index 0
dow C:/Users/super/OneDrive/Desktop/Universita/aes/assignment_3/master/Debug/master.elf
targets -set -nocase -filter {name =~ "ARM*#1" && jtag_cable_name =~ "Digilent Zybo Z7 210351B0FC9BA"} -index 0
dow C:/Users/super/OneDrive/Desktop/Universita/aes/assignment_3/worker/Debug/worker.elf
configparams force-mem-access 0
----------------End of Script----------------

15:27:50 INFO  : Memory regions updated for context APU
15:27:50 INFO  : Context for processor 'ps7_cortexa9_0' is selected.
15:27:50 INFO  : 'con' command is executed.
15:27:50 INFO  : Context for processor 'ps7_cortexa9_1' is selected.
15:27:50 INFO  : 'con' command is executed.
15:27:50 INFO  : ----------------XSDB Script (After Launch)----------------
targets -set -nocase -filter {name =~ "ARM*#0" && jtag_cable_name =~ "Digilent Zybo Z7 210351B0FC9BA"} -index 0
con
targets -set -nocase -filter {name =~ "ARM*#1" && jtag_cable_name =~ "Digilent Zybo Z7 210351B0FC9BA"} -index 0
con
----------------End of Script----------------

15:27:50 INFO  : Launch script is exported to file 'C:\Users\super\OneDrive\Desktop\Universita\aes\assignment_3\.sdk\launch_scripts\xilinx_c-c++_application_(system_debugger)\system_debugger_on_local.tcl'
15:35:05 INFO  : Disconnected from the channel tcfchan#19.
15:35:06 INFO  : Connected to target on host '127.0.0.1' and port '3121'.
15:35:06 INFO  : Jtag cable 'Digilent Zybo Z7 210351B0FC9BA' is selected.
15:35:06 INFO  : 'jtag frequency' command is executed.
15:35:06 INFO  : Sourcing of 'C:/Users/super/OneDrive/Desktop/Universita/aes/assignment_3/audio_lab.sdk/design_1_wrapper_hw_platform_1/ps7_init.tcl' is done.
15:35:06 INFO  : Context for 'APU' is selected.
15:35:06 INFO  : System reset is completed.
15:35:09 INFO  : 'after 3000' command is executed.
15:35:09 INFO  : 'targets -set -filter {jtag_cable_name =~ "Digilent Zybo Z7 210351B0FC9BA" && level==0} -index 1' command is executed.
15:35:11 INFO  : FPGA configured successfully with bitstream "C:/Users/super/OneDrive/Desktop/Universita/aes/assignment_3/audio_lab.sdk/design_1_wrapper_hw_platform_1/design_1_wrapper.bit"
15:35:11 INFO  : Context for 'APU' is selected.
15:35:12 INFO  : Hardware design information is loaded from 'C:/Users/super/OneDrive/Desktop/Universita/aes/assignment_3/audio_lab.sdk/design_1_wrapper_hw_platform_1/system.hdf'.
15:35:12 INFO  : 'configparams force-mem-access 1' command is executed.
15:35:12 INFO  : Context for 'APU' is selected.
15:35:12 INFO  : 'ps7_init' command is executed.
15:35:12 INFO  : 'ps7_post_config' command is executed.
15:35:12 INFO  : Context for processor 'ps7_cortexa9_0' is selected.
15:35:12 INFO  : The application 'C:/Users/super/OneDrive/Desktop/Universita/aes/assignment_3/master/Debug/master.elf' is downloaded to processor 'ps7_cortexa9_0'.
15:35:12 INFO  : Context for processor 'ps7_cortexa9_1' is selected.
15:35:12 INFO  : The application 'C:/Users/super/OneDrive/Desktop/Universita/aes/assignment_3/worker/Debug/worker.elf' is downloaded to processor 'ps7_cortexa9_1'.
15:35:12 INFO  : 'configparams force-mem-access 0' command is executed.
15:35:12 INFO  : ----------------XSDB Script----------------
connect -url tcp:127.0.0.1:3121
source C:/Users/super/OneDrive/Desktop/Universita/aes/assignment_3/audio_lab.sdk/design_1_wrapper_hw_platform_1/ps7_init.tcl
targets -set -nocase -filter {name =~"APU*" && jtag_cable_name =~ "Digilent Zybo Z7 210351B0FC9BA"} -index 0
rst -system
after 3000
targets -set -filter {jtag_cable_name =~ "Digilent Zybo Z7 210351B0FC9BA" && level==0} -index 1
fpga -file C:/Users/super/OneDrive/Desktop/Universita/aes/assignment_3/audio_lab.sdk/design_1_wrapper_hw_platform_1/design_1_wrapper.bit
targets -set -nocase -filter {name =~"APU*" && jtag_cable_name =~ "Digilent Zybo Z7 210351B0FC9BA"} -index 0
loadhw -hw C:/Users/super/OneDrive/Desktop/Universita/aes/assignment_3/audio_lab.sdk/design_1_wrapper_hw_platform_1/system.hdf -mem-ranges [list {0x40000000 0xbfffffff}]
configparams force-mem-access 1
targets -set -nocase -filter {name =~"APU*" && jtag_cable_name =~ "Digilent Zybo Z7 210351B0FC9BA"} -index 0
ps7_init
ps7_post_config
targets -set -nocase -filter {name =~ "ARM*#0" && jtag_cable_name =~ "Digilent Zybo Z7 210351B0FC9BA"} -index 0
dow C:/Users/super/OneDrive/Desktop/Universita/aes/assignment_3/master/Debug/master.elf
targets -set -nocase -filter {name =~ "ARM*#1" && jtag_cable_name =~ "Digilent Zybo Z7 210351B0FC9BA"} -index 0
dow C:/Users/super/OneDrive/Desktop/Universita/aes/assignment_3/worker/Debug/worker.elf
configparams force-mem-access 0
----------------End of Script----------------

15:35:12 INFO  : Memory regions updated for context APU
15:35:12 INFO  : Context for processor 'ps7_cortexa9_0' is selected.
15:35:12 INFO  : 'con' command is executed.
15:35:12 INFO  : Context for processor 'ps7_cortexa9_1' is selected.
15:35:12 INFO  : 'con' command is executed.
15:35:12 INFO  : ----------------XSDB Script (After Launch)----------------
targets -set -nocase -filter {name =~ "ARM*#0" && jtag_cable_name =~ "Digilent Zybo Z7 210351B0FC9BA"} -index 0
con
targets -set -nocase -filter {name =~ "ARM*#1" && jtag_cable_name =~ "Digilent Zybo Z7 210351B0FC9BA"} -index 0
con
----------------End of Script----------------

15:35:12 INFO  : Launch script is exported to file 'C:\Users\super\OneDrive\Desktop\Universita\aes\assignment_3\.sdk\launch_scripts\xilinx_c-c++_application_(system_debugger)\system_debugger_on_local.tcl'
15:36:15 INFO  : Disconnected from the channel tcfchan#20.
15:36:16 INFO  : Connected to target on host '127.0.0.1' and port '3121'.
15:36:16 INFO  : Jtag cable 'Digilent Zybo Z7 210351B0FC9BA' is selected.
15:36:16 INFO  : 'jtag frequency' command is executed.
15:36:16 INFO  : Sourcing of 'C:/Users/super/OneDrive/Desktop/Universita/aes/assignment_3/audio_lab.sdk/design_1_wrapper_hw_platform_1/ps7_init.tcl' is done.
15:36:16 INFO  : Context for 'APU' is selected.
15:36:16 INFO  : System reset is completed.
15:36:19 INFO  : 'after 3000' command is executed.
15:36:19 INFO  : 'targets -set -filter {jtag_cable_name =~ "Digilent Zybo Z7 210351B0FC9BA" && level==0} -index 1' command is executed.
15:36:21 INFO  : FPGA configured successfully with bitstream "C:/Users/super/OneDrive/Desktop/Universita/aes/assignment_3/audio_lab.sdk/design_1_wrapper_hw_platform_1/design_1_wrapper.bit"
15:36:21 INFO  : Context for 'APU' is selected.
15:36:21 INFO  : Hardware design information is loaded from 'C:/Users/super/OneDrive/Desktop/Universita/aes/assignment_3/audio_lab.sdk/design_1_wrapper_hw_platform_1/system.hdf'.
15:36:21 INFO  : 'configparams force-mem-access 1' command is executed.
15:36:21 INFO  : Context for 'APU' is selected.
15:36:22 INFO  : 'ps7_init' command is executed.
15:36:22 INFO  : 'ps7_post_config' command is executed.
15:36:22 INFO  : Context for processor 'ps7_cortexa9_0' is selected.
15:36:22 INFO  : The application 'C:/Users/super/OneDrive/Desktop/Universita/aes/assignment_3/master/Debug/master.elf' is downloaded to processor 'ps7_cortexa9_0'.
15:36:22 INFO  : Context for processor 'ps7_cortexa9_1' is selected.
15:36:22 INFO  : The application 'C:/Users/super/OneDrive/Desktop/Universita/aes/assignment_3/worker/Debug/worker.elf' is downloaded to processor 'ps7_cortexa9_1'.
15:36:22 INFO  : 'configparams force-mem-access 0' command is executed.
15:36:22 INFO  : ----------------XSDB Script----------------
connect -url tcp:127.0.0.1:3121
source C:/Users/super/OneDrive/Desktop/Universita/aes/assignment_3/audio_lab.sdk/design_1_wrapper_hw_platform_1/ps7_init.tcl
targets -set -nocase -filter {name =~"APU*" && jtag_cable_name =~ "Digilent Zybo Z7 210351B0FC9BA"} -index 0
rst -system
after 3000
targets -set -filter {jtag_cable_name =~ "Digilent Zybo Z7 210351B0FC9BA" && level==0} -index 1
fpga -file C:/Users/super/OneDrive/Desktop/Universita/aes/assignment_3/audio_lab.sdk/design_1_wrapper_hw_platform_1/design_1_wrapper.bit
targets -set -nocase -filter {name =~"APU*" && jtag_cable_name =~ "Digilent Zybo Z7 210351B0FC9BA"} -index 0
loadhw -hw C:/Users/super/OneDrive/Desktop/Universita/aes/assignment_3/audio_lab.sdk/design_1_wrapper_hw_platform_1/system.hdf -mem-ranges [list {0x40000000 0xbfffffff}]
configparams force-mem-access 1
targets -set -nocase -filter {name =~"APU*" && jtag_cable_name =~ "Digilent Zybo Z7 210351B0FC9BA"} -index 0
ps7_init
ps7_post_config
targets -set -nocase -filter {name =~ "ARM*#0" && jtag_cable_name =~ "Digilent Zybo Z7 210351B0FC9BA"} -index 0
dow C:/Users/super/OneDrive/Desktop/Universita/aes/assignment_3/master/Debug/master.elf
targets -set -nocase -filter {name =~ "ARM*#1" && jtag_cable_name =~ "Digilent Zybo Z7 210351B0FC9BA"} -index 0
dow C:/Users/super/OneDrive/Desktop/Universita/aes/assignment_3/worker/Debug/worker.elf
configparams force-mem-access 0
----------------End of Script----------------

15:36:22 INFO  : Memory regions updated for context APU
15:36:22 INFO  : Context for processor 'ps7_cortexa9_0' is selected.
15:36:22 INFO  : 'con' command is executed.
15:36:22 INFO  : Context for processor 'ps7_cortexa9_1' is selected.
15:36:22 INFO  : 'con' command is executed.
15:36:22 INFO  : ----------------XSDB Script (After Launch)----------------
targets -set -nocase -filter {name =~ "ARM*#0" && jtag_cable_name =~ "Digilent Zybo Z7 210351B0FC9BA"} -index 0
con
targets -set -nocase -filter {name =~ "ARM*#1" && jtag_cable_name =~ "Digilent Zybo Z7 210351B0FC9BA"} -index 0
con
----------------End of Script----------------

15:36:22 INFO  : Launch script is exported to file 'C:\Users\super\OneDrive\Desktop\Universita\aes\assignment_3\.sdk\launch_scripts\xilinx_c-c++_application_(system_debugger)\system_debugger_on_local.tcl'
15:38:41 INFO  : Disconnected from the channel tcfchan#21.
15:40:46 INFO  : Launching XSCT server: xsct.bat -interactive C:\Users\super\OneDrive\Desktop\Universita\aes\assignment_3\temp_xsdb_launch_script.tcl
15:40:47 INFO  : XSCT server has started successfully.
15:43:30 INFO  : Connected to target on host '127.0.0.1' and port '3121'.
15:43:30 INFO  : Jtag cable 'Digilent Zybo Z7 210351B0FC9BA' is selected.
15:43:30 INFO  : 'jtag frequency' command is executed.
15:43:30 INFO  : Sourcing of 'C:/Users/super/OneDrive/Desktop/Universita/aes/assignment_3/audio_lab.sdk/design_1_wrapper_hw_platform_1/ps7_init.tcl' is done.
15:43:30 INFO  : Context for 'APU' is selected.
15:43:30 INFO  : System reset is completed.
15:43:33 INFO  : 'after 3000' command is executed.
15:43:33 INFO  : 'targets -set -filter {jtag_cable_name =~ "Digilent Zybo Z7 210351B0FC9BA" && level==0} -index 1' command is executed.
15:43:34 ERROR : 'fpga -file C:/Users/super/OneDrive/Desktop/Universita/aes/assignment_3/audio_lab.sdk/design_1_wrapper_hw_platform_1/design_1_wrapper.bit' is cancelled.
15:43:34 INFO  : Issued abort command to xsdb.
15:43:34 ERROR : Exception occured while running Program FPGA.
java.lang.RuntimeException: 'fpga -file C:/Users/super/OneDrive/Desktop/Universita/aes/assignment_3/audio_lab.sdk/design_1_wrapper_hw_platform_1/design_1_wrapper.bit' is cancelled.
15:43:34 INFO  : ----------------XSDB Script----------------
connect -url tcp:127.0.0.1:3121
source C:/Users/super/OneDrive/Desktop/Universita/aes/assignment_3/audio_lab.sdk/design_1_wrapper_hw_platform_1/ps7_init.tcl
targets -set -nocase -filter {name =~"APU*" && jtag_cable_name =~ "Digilent Zybo Z7 210351B0FC9BA"} -index 0
rst -system
after 3000
----------------End of Script----------------

15:43:52 INFO  : Connected to target on host '127.0.0.1' and port '3121'.
15:43:52 INFO  : Jtag cable 'Digilent Zybo Z7 210351B0FC9BA' is selected.
15:43:52 INFO  : 'jtag frequency' command is executed.
15:43:52 INFO  : Sourcing of 'C:/Users/super/OneDrive/Desktop/Universita/aes/assignment_3/audio_lab.sdk/design_1_wrapper_hw_platform_1/ps7_init.tcl' is done.
15:43:52 INFO  : Context for 'APU' is selected.
15:43:52 INFO  : System reset is completed.
15:43:55 INFO  : 'after 3000' command is executed.
15:43:55 INFO  : 'targets -set -filter {jtag_cable_name =~ "Digilent Zybo Z7 210351B0FC9BA" && level==0} -index 1' command is executed.
15:43:56 INFO  : FPGA configured successfully with bitstream "C:/Users/super/OneDrive/Desktop/Universita/aes/assignment_3/audio_lab.sdk/design_1_wrapper_hw_platform_1/design_1_wrapper.bit"
15:43:56 INFO  : Context for 'APU' is selected.
15:43:56 INFO  : Hardware design information is loaded from 'C:/Users/super/OneDrive/Desktop/Universita/aes/assignment_3/audio_lab.sdk/design_1_wrapper_hw_platform_1/system.hdf'.
15:43:56 INFO  : 'configparams force-mem-access 1' command is executed.
15:43:56 INFO  : Context for 'APU' is selected.
15:43:57 INFO  : 'ps7_init' command is executed.
15:43:57 INFO  : 'ps7_post_config' command is executed.
15:43:57 INFO  : Context for processor 'ps7_cortexa9_0' is selected.
15:43:57 INFO  : The application 'C:/Users/super/OneDrive/Desktop/Universita/aes/assignment_3/master/Debug/master.elf' is downloaded to processor 'ps7_cortexa9_0'.
15:43:57 INFO  : Context for processor 'ps7_cortexa9_1' is selected.
15:43:57 INFO  : The application 'C:/Users/super/OneDrive/Desktop/Universita/aes/assignment_3/worker1/Debug/worker1.elf' is downloaded to processor 'ps7_cortexa9_1'.
15:43:57 INFO  : 'configparams force-mem-access 0' command is executed.
15:43:57 INFO  : ----------------XSDB Script----------------
connect -url tcp:127.0.0.1:3121
source C:/Users/super/OneDrive/Desktop/Universita/aes/assignment_3/audio_lab.sdk/design_1_wrapper_hw_platform_1/ps7_init.tcl
targets -set -nocase -filter {name =~"APU*" && jtag_cable_name =~ "Digilent Zybo Z7 210351B0FC9BA"} -index 0
rst -system
after 3000
targets -set -filter {jtag_cable_name =~ "Digilent Zybo Z7 210351B0FC9BA" && level==0} -index 1
fpga -file C:/Users/super/OneDrive/Desktop/Universita/aes/assignment_3/audio_lab.sdk/design_1_wrapper_hw_platform_1/design_1_wrapper.bit
targets -set -nocase -filter {name =~"APU*" && jtag_cable_name =~ "Digilent Zybo Z7 210351B0FC9BA"} -index 0
loadhw -hw C:/Users/super/OneDrive/Desktop/Universita/aes/assignment_3/audio_lab.sdk/design_1_wrapper_hw_platform_1/system.hdf -mem-ranges [list {0x40000000 0xbfffffff}]
configparams force-mem-access 1
targets -set -nocase -filter {name =~"APU*" && jtag_cable_name =~ "Digilent Zybo Z7 210351B0FC9BA"} -index 0
ps7_init
ps7_post_config
targets -set -nocase -filter {name =~ "ARM*#0" && jtag_cable_name =~ "Digilent Zybo Z7 210351B0FC9BA"} -index 0
dow C:/Users/super/OneDrive/Desktop/Universita/aes/assignment_3/master/Debug/master.elf
targets -set -nocase -filter {name =~ "ARM*#1" && jtag_cable_name =~ "Digilent Zybo Z7 210351B0FC9BA"} -index 0
dow C:/Users/super/OneDrive/Desktop/Universita/aes/assignment_3/worker1/Debug/worker1.elf
configparams force-mem-access 0
----------------End of Script----------------

15:43:57 INFO  : Memory regions updated for context APU
15:43:57 INFO  : Context for processor 'ps7_cortexa9_0' is selected.
15:43:57 INFO  : 'con' command is executed.
15:43:57 INFO  : Context for processor 'ps7_cortexa9_1' is selected.
15:43:57 INFO  : 'con' command is executed.
15:43:57 INFO  : ----------------XSDB Script (After Launch)----------------
targets -set -nocase -filter {name =~ "ARM*#0" && jtag_cable_name =~ "Digilent Zybo Z7 210351B0FC9BA"} -index 0
con
targets -set -nocase -filter {name =~ "ARM*#1" && jtag_cable_name =~ "Digilent Zybo Z7 210351B0FC9BA"} -index 0
con
----------------End of Script----------------

15:43:57 INFO  : Launch script is exported to file 'C:\Users\super\OneDrive\Desktop\Universita\aes\assignment_3\.sdk\launch_scripts\xilinx_c-c++_application_(system_debugger)\system_debugger_on_local.tcl'
15:44:39 INFO  : Disconnected from the channel tcfchan#1.
15:44:40 INFO  : Connected to target on host '127.0.0.1' and port '3121'.
15:44:40 INFO  : Jtag cable 'Digilent Zybo Z7 210351B0FC9BA' is selected.
15:44:40 INFO  : 'jtag frequency' command is executed.
15:44:40 INFO  : Sourcing of 'C:/Users/super/OneDrive/Desktop/Universita/aes/assignment_3/audio_lab.sdk/design_1_wrapper_hw_platform_1/ps7_init.tcl' is done.
15:44:40 INFO  : Context for 'APU' is selected.
15:44:40 INFO  : System reset is completed.
15:44:43 INFO  : 'after 3000' command is executed.
15:44:43 INFO  : 'targets -set -filter {jtag_cable_name =~ "Digilent Zybo Z7 210351B0FC9BA" && level==0} -index 1' command is executed.
15:44:45 INFO  : FPGA configured successfully with bitstream "C:/Users/super/OneDrive/Desktop/Universita/aes/assignment_3/audio_lab.sdk/design_1_wrapper_hw_platform_1/design_1_wrapper.bit"
15:44:45 INFO  : Context for 'APU' is selected.
15:44:45 INFO  : Hardware design information is loaded from 'C:/Users/super/OneDrive/Desktop/Universita/aes/assignment_3/audio_lab.sdk/design_1_wrapper_hw_platform_1/system.hdf'.
15:44:45 INFO  : 'configparams force-mem-access 1' command is executed.
15:44:45 INFO  : Context for 'APU' is selected.
15:44:46 INFO  : 'ps7_init' command is executed.
15:44:46 INFO  : 'ps7_post_config' command is executed.
15:44:46 INFO  : Context for processor 'ps7_cortexa9_0' is selected.
15:44:46 INFO  : The application 'C:/Users/super/OneDrive/Desktop/Universita/aes/assignment_3/master/Debug/master.elf' is downloaded to processor 'ps7_cortexa9_0'.
15:44:46 INFO  : Context for processor 'ps7_cortexa9_1' is selected.
15:44:46 INFO  : The application 'C:/Users/super/OneDrive/Desktop/Universita/aes/assignment_3/worker1/Debug/worker1.elf' is downloaded to processor 'ps7_cortexa9_1'.
15:44:46 INFO  : 'configparams force-mem-access 0' command is executed.
15:44:46 INFO  : ----------------XSDB Script----------------
connect -url tcp:127.0.0.1:3121
source C:/Users/super/OneDrive/Desktop/Universita/aes/assignment_3/audio_lab.sdk/design_1_wrapper_hw_platform_1/ps7_init.tcl
targets -set -nocase -filter {name =~"APU*" && jtag_cable_name =~ "Digilent Zybo Z7 210351B0FC9BA"} -index 0
rst -system
after 3000
targets -set -filter {jtag_cable_name =~ "Digilent Zybo Z7 210351B0FC9BA" && level==0} -index 1
fpga -file C:/Users/super/OneDrive/Desktop/Universita/aes/assignment_3/audio_lab.sdk/design_1_wrapper_hw_platform_1/design_1_wrapper.bit
targets -set -nocase -filter {name =~"APU*" && jtag_cable_name =~ "Digilent Zybo Z7 210351B0FC9BA"} -index 0
loadhw -hw C:/Users/super/OneDrive/Desktop/Universita/aes/assignment_3/audio_lab.sdk/design_1_wrapper_hw_platform_1/system.hdf -mem-ranges [list {0x40000000 0xbfffffff}]
configparams force-mem-access 1
targets -set -nocase -filter {name =~"APU*" && jtag_cable_name =~ "Digilent Zybo Z7 210351B0FC9BA"} -index 0
ps7_init
ps7_post_config
targets -set -nocase -filter {name =~ "ARM*#0" && jtag_cable_name =~ "Digilent Zybo Z7 210351B0FC9BA"} -index 0
dow C:/Users/super/OneDrive/Desktop/Universita/aes/assignment_3/master/Debug/master.elf
targets -set -nocase -filter {name =~ "ARM*#1" && jtag_cable_name =~ "Digilent Zybo Z7 210351B0FC9BA"} -index 0
dow C:/Users/super/OneDrive/Desktop/Universita/aes/assignment_3/worker1/Debug/worker1.elf
configparams force-mem-access 0
----------------End of Script----------------

15:44:46 INFO  : Memory regions updated for context APU
15:44:46 INFO  : Context for processor 'ps7_cortexa9_0' is selected.
15:44:46 INFO  : 'con' command is executed.
15:44:46 INFO  : Context for processor 'ps7_cortexa9_1' is selected.
15:44:46 INFO  : 'con' command is executed.
15:44:46 INFO  : ----------------XSDB Script (After Launch)----------------
targets -set -nocase -filter {name =~ "ARM*#0" && jtag_cable_name =~ "Digilent Zybo Z7 210351B0FC9BA"} -index 0
con
targets -set -nocase -filter {name =~ "ARM*#1" && jtag_cable_name =~ "Digilent Zybo Z7 210351B0FC9BA"} -index 0
con
----------------End of Script----------------

15:44:46 INFO  : Launch script is exported to file 'C:\Users\super\OneDrive\Desktop\Universita\aes\assignment_3\.sdk\launch_scripts\xilinx_c-c++_application_(system_debugger)\system_debugger_on_local.tcl'
15:47:22 INFO  : Disconnected from the channel tcfchan#2.
15:47:52 INFO  : Launching XSCT server: xsct.bat -interactive C:\Users\super\OneDrive\Desktop\Universita\aes\assignment_3\temp_xsdb_launch_script.tcl
15:47:53 INFO  : XSCT server has started successfully.
15:48:04 ERROR : Interrupted exception while waiting for the completion of command ' ::hsi::utils::set_current_hw_sw C:/Users/super/OneDrive/Desktop/Universita/aes/assignment_3/audio_lab.sdk/design_1_wrapper_hw_platform_1/system.hdf C:/Users/super/OneDrive/Desktop/Universita/aes/assignment_3/worker1_bsp/system.mss '
15:49:11 INFO  : Connected to target on host '127.0.0.1' and port '3121'.
15:49:12 INFO  : Jtag cable 'Digilent Zybo Z7 210351B0FC9BA' is selected.
15:49:12 INFO  : 'jtag frequency' command is executed.
15:49:12 INFO  : Sourcing of 'C:/Users/super/OneDrive/Desktop/Universita/aes/assignment_3/audio_lab.sdk/design_1_wrapper_hw_platform_1/ps7_init.tcl' is done.
15:49:12 INFO  : Context for 'APU' is selected.
15:49:12 INFO  : System reset is completed.
15:49:15 INFO  : 'after 3000' command is executed.
15:49:15 INFO  : 'targets -set -filter {jtag_cable_name =~ "Digilent Zybo Z7 210351B0FC9BA" && level==0} -index 1' command is executed.
15:49:16 INFO  : FPGA configured successfully with bitstream "C:/Users/super/OneDrive/Desktop/Universita/aes/assignment_3/audio_lab.sdk/design_1_wrapper_hw_platform_1/design_1_wrapper.bit"
15:49:16 INFO  : Context for 'APU' is selected.
15:49:16 INFO  : Hardware design information is loaded from 'C:/Users/super/OneDrive/Desktop/Universita/aes/assignment_3/audio_lab.sdk/design_1_wrapper_hw_platform_1/system.hdf'.
15:49:16 INFO  : 'configparams force-mem-access 1' command is executed.
15:49:16 INFO  : Context for 'APU' is selected.
15:49:17 INFO  : 'ps7_init' command is executed.
15:49:17 INFO  : 'ps7_post_config' command is executed.
15:49:17 INFO  : Context for processor 'ps7_cortexa9_0' is selected.
15:49:17 INFO  : The application 'C:/Users/super/OneDrive/Desktop/Universita/aes/assignment_3/master/Debug/master.elf' is downloaded to processor 'ps7_cortexa9_0'.
15:49:17 INFO  : Context for processor 'ps7_cortexa9_1' is selected.
15:49:17 INFO  : The application 'C:/Users/super/OneDrive/Desktop/Universita/aes/assignment_3/worker/Debug/worker.elf' is downloaded to processor 'ps7_cortexa9_1'.
15:49:17 INFO  : 'configparams force-mem-access 0' command is executed.
15:49:17 INFO  : ----------------XSDB Script----------------
connect -url tcp:127.0.0.1:3121
source C:/Users/super/OneDrive/Desktop/Universita/aes/assignment_3/audio_lab.sdk/design_1_wrapper_hw_platform_1/ps7_init.tcl
targets -set -nocase -filter {name =~"APU*" && jtag_cable_name =~ "Digilent Zybo Z7 210351B0FC9BA"} -index 0
rst -system
after 3000
targets -set -filter {jtag_cable_name =~ "Digilent Zybo Z7 210351B0FC9BA" && level==0} -index 1
fpga -file C:/Users/super/OneDrive/Desktop/Universita/aes/assignment_3/audio_lab.sdk/design_1_wrapper_hw_platform_1/design_1_wrapper.bit
targets -set -nocase -filter {name =~"APU*" && jtag_cable_name =~ "Digilent Zybo Z7 210351B0FC9BA"} -index 0
loadhw -hw C:/Users/super/OneDrive/Desktop/Universita/aes/assignment_3/audio_lab.sdk/design_1_wrapper_hw_platform_1/system.hdf -mem-ranges [list {0x40000000 0xbfffffff}]
configparams force-mem-access 1
targets -set -nocase -filter {name =~"APU*" && jtag_cable_name =~ "Digilent Zybo Z7 210351B0FC9BA"} -index 0
ps7_init
ps7_post_config
targets -set -nocase -filter {name =~ "ARM*#0" && jtag_cable_name =~ "Digilent Zybo Z7 210351B0FC9BA"} -index 0
dow C:/Users/super/OneDrive/Desktop/Universita/aes/assignment_3/master/Debug/master.elf
targets -set -nocase -filter {name =~ "ARM*#1" && jtag_cable_name =~ "Digilent Zybo Z7 210351B0FC9BA"} -index 0
dow C:/Users/super/OneDrive/Desktop/Universita/aes/assignment_3/worker/Debug/worker.elf
configparams force-mem-access 0
----------------End of Script----------------

15:49:17 INFO  : Memory regions updated for context APU
15:49:17 INFO  : Context for processor 'ps7_cortexa9_0' is selected.
15:49:17 INFO  : 'con' command is executed.
15:49:17 INFO  : Context for processor 'ps7_cortexa9_1' is selected.
15:49:17 INFO  : 'con' command is executed.
15:49:17 INFO  : ----------------XSDB Script (After Launch)----------------
targets -set -nocase -filter {name =~ "ARM*#0" && jtag_cable_name =~ "Digilent Zybo Z7 210351B0FC9BA"} -index 0
con
targets -set -nocase -filter {name =~ "ARM*#1" && jtag_cable_name =~ "Digilent Zybo Z7 210351B0FC9BA"} -index 0
con
----------------End of Script----------------

15:49:17 INFO  : Launch script is exported to file 'C:\Users\super\OneDrive\Desktop\Universita\aes\assignment_3\.sdk\launch_scripts\xilinx_c-c++_application_(system_debugger)\system_debugger_on_local.tcl'
16:06:15 INFO  : Disconnected from the channel tcfchan#1.
16:06:16 INFO  : Connected to target on host '127.0.0.1' and port '3121'.
16:06:16 INFO  : Jtag cable 'Digilent Zybo Z7 210351B0FC9BA' is selected.
16:06:16 INFO  : 'jtag frequency' command is executed.
16:06:16 INFO  : Sourcing of 'C:/Users/super/OneDrive/Desktop/Universita/aes/assignment_3/audio_lab.sdk/design_1_wrapper_hw_platform_1/ps7_init.tcl' is done.
16:06:16 INFO  : Context for 'APU' is selected.
16:06:16 INFO  : System reset is completed.
16:06:19 INFO  : 'after 3000' command is executed.
16:06:19 INFO  : 'targets -set -filter {jtag_cable_name =~ "Digilent Zybo Z7 210351B0FC9BA" && level==0} -index 1' command is executed.
16:06:20 INFO  : FPGA configured successfully with bitstream "C:/Users/super/OneDrive/Desktop/Universita/aes/assignment_3/audio_lab.sdk/design_1_wrapper_hw_platform_1/design_1_wrapper.bit"
16:06:20 INFO  : Context for 'APU' is selected.
16:06:21 INFO  : Hardware design information is loaded from 'C:/Users/super/OneDrive/Desktop/Universita/aes/assignment_3/audio_lab.sdk/design_1_wrapper_hw_platform_1/system.hdf'.
16:06:21 INFO  : 'configparams force-mem-access 1' command is executed.
16:06:21 INFO  : Context for 'APU' is selected.
16:06:21 INFO  : 'ps7_init' command is executed.
16:06:22 INFO  : 'ps7_post_config' command is executed.
16:06:22 INFO  : Context for processor 'ps7_cortexa9_0' is selected.
16:06:22 INFO  : The application 'C:/Users/super/OneDrive/Desktop/Universita/aes/assignment_3/master/Debug/master.elf' is downloaded to processor 'ps7_cortexa9_0'.
16:06:22 INFO  : Context for processor 'ps7_cortexa9_1' is selected.
16:06:22 INFO  : The application 'C:/Users/super/OneDrive/Desktop/Universita/aes/assignment_3/worker/Debug/worker.elf' is downloaded to processor 'ps7_cortexa9_1'.
16:06:22 INFO  : 'configparams force-mem-access 0' command is executed.
16:06:22 INFO  : ----------------XSDB Script----------------
connect -url tcp:127.0.0.1:3121
source C:/Users/super/OneDrive/Desktop/Universita/aes/assignment_3/audio_lab.sdk/design_1_wrapper_hw_platform_1/ps7_init.tcl
targets -set -nocase -filter {name =~"APU*" && jtag_cable_name =~ "Digilent Zybo Z7 210351B0FC9BA"} -index 0
rst -system
after 3000
targets -set -filter {jtag_cable_name =~ "Digilent Zybo Z7 210351B0FC9BA" && level==0} -index 1
fpga -file C:/Users/super/OneDrive/Desktop/Universita/aes/assignment_3/audio_lab.sdk/design_1_wrapper_hw_platform_1/design_1_wrapper.bit
targets -set -nocase -filter {name =~"APU*" && jtag_cable_name =~ "Digilent Zybo Z7 210351B0FC9BA"} -index 0
loadhw -hw C:/Users/super/OneDrive/Desktop/Universita/aes/assignment_3/audio_lab.sdk/design_1_wrapper_hw_platform_1/system.hdf -mem-ranges [list {0x40000000 0xbfffffff}]
configparams force-mem-access 1
targets -set -nocase -filter {name =~"APU*" && jtag_cable_name =~ "Digilent Zybo Z7 210351B0FC9BA"} -index 0
ps7_init
ps7_post_config
targets -set -nocase -filter {name =~ "ARM*#0" && jtag_cable_name =~ "Digilent Zybo Z7 210351B0FC9BA"} -index 0
dow C:/Users/super/OneDrive/Desktop/Universita/aes/assignment_3/master/Debug/master.elf
targets -set -nocase -filter {name =~ "ARM*#1" && jtag_cable_name =~ "Digilent Zybo Z7 210351B0FC9BA"} -index 0
dow C:/Users/super/OneDrive/Desktop/Universita/aes/assignment_3/worker/Debug/worker.elf
configparams force-mem-access 0
----------------End of Script----------------

16:06:22 INFO  : Memory regions updated for context APU
16:06:22 INFO  : Context for processor 'ps7_cortexa9_0' is selected.
16:06:22 INFO  : 'con' command is executed.
16:06:22 INFO  : Context for processor 'ps7_cortexa9_1' is selected.
16:06:22 INFO  : 'con' command is executed.
16:06:22 INFO  : ----------------XSDB Script (After Launch)----------------
targets -set -nocase -filter {name =~ "ARM*#0" && jtag_cable_name =~ "Digilent Zybo Z7 210351B0FC9BA"} -index 0
con
targets -set -nocase -filter {name =~ "ARM*#1" && jtag_cable_name =~ "Digilent Zybo Z7 210351B0FC9BA"} -index 0
con
----------------End of Script----------------

16:06:22 INFO  : Launch script is exported to file 'C:\Users\super\OneDrive\Desktop\Universita\aes\assignment_3\.sdk\launch_scripts\xilinx_c-c++_application_(system_debugger)\system_debugger_on_local.tcl'
16:06:48 INFO  : Disconnected from the channel tcfchan#2.
16:06:49 INFO  : Connected to target on host '127.0.0.1' and port '3121'.
16:06:49 INFO  : Jtag cable 'Digilent Zybo Z7 210351B0FC9BA' is selected.
16:06:49 INFO  : 'jtag frequency' command is executed.
16:06:49 INFO  : Sourcing of 'C:/Users/super/OneDrive/Desktop/Universita/aes/assignment_3/audio_lab.sdk/design_1_wrapper_hw_platform_1/ps7_init.tcl' is done.
16:06:49 INFO  : Context for 'APU' is selected.
16:06:49 INFO  : System reset is completed.
16:06:52 INFO  : 'after 3000' command is executed.
16:06:52 INFO  : 'targets -set -filter {jtag_cable_name =~ "Digilent Zybo Z7 210351B0FC9BA" && level==0} -index 1' command is executed.
16:06:54 INFO  : FPGA configured successfully with bitstream "C:/Users/super/OneDrive/Desktop/Universita/aes/assignment_3/audio_lab.sdk/design_1_wrapper_hw_platform_1/design_1_wrapper.bit"
16:06:54 INFO  : Context for 'APU' is selected.
16:06:54 INFO  : Hardware design information is loaded from 'C:/Users/super/OneDrive/Desktop/Universita/aes/assignment_3/audio_lab.sdk/design_1_wrapper_hw_platform_1/system.hdf'.
16:06:54 INFO  : 'configparams force-mem-access 1' command is executed.
16:06:54 INFO  : Context for 'APU' is selected.
16:06:55 INFO  : 'ps7_init' command is executed.
16:06:55 INFO  : 'ps7_post_config' command is executed.
16:06:55 INFO  : Context for processor 'ps7_cortexa9_0' is selected.
16:06:55 INFO  : The application 'C:/Users/super/OneDrive/Desktop/Universita/aes/assignment_3/master/Debug/master.elf' is downloaded to processor 'ps7_cortexa9_0'.
16:06:55 INFO  : Context for processor 'ps7_cortexa9_1' is selected.
16:06:55 INFO  : The application 'C:/Users/super/OneDrive/Desktop/Universita/aes/assignment_3/worker/Debug/worker.elf' is downloaded to processor 'ps7_cortexa9_1'.
16:06:55 INFO  : 'configparams force-mem-access 0' command is executed.
16:06:55 INFO  : ----------------XSDB Script----------------
connect -url tcp:127.0.0.1:3121
source C:/Users/super/OneDrive/Desktop/Universita/aes/assignment_3/audio_lab.sdk/design_1_wrapper_hw_platform_1/ps7_init.tcl
targets -set -nocase -filter {name =~"APU*" && jtag_cable_name =~ "Digilent Zybo Z7 210351B0FC9BA"} -index 0
rst -system
after 3000
targets -set -filter {jtag_cable_name =~ "Digilent Zybo Z7 210351B0FC9BA" && level==0} -index 1
fpga -file C:/Users/super/OneDrive/Desktop/Universita/aes/assignment_3/audio_lab.sdk/design_1_wrapper_hw_platform_1/design_1_wrapper.bit
targets -set -nocase -filter {name =~"APU*" && jtag_cable_name =~ "Digilent Zybo Z7 210351B0FC9BA"} -index 0
loadhw -hw C:/Users/super/OneDrive/Desktop/Universita/aes/assignment_3/audio_lab.sdk/design_1_wrapper_hw_platform_1/system.hdf -mem-ranges [list {0x40000000 0xbfffffff}]
configparams force-mem-access 1
targets -set -nocase -filter {name =~"APU*" && jtag_cable_name =~ "Digilent Zybo Z7 210351B0FC9BA"} -index 0
ps7_init
ps7_post_config
targets -set -nocase -filter {name =~ "ARM*#0" && jtag_cable_name =~ "Digilent Zybo Z7 210351B0FC9BA"} -index 0
dow C:/Users/super/OneDrive/Desktop/Universita/aes/assignment_3/master/Debug/master.elf
targets -set -nocase -filter {name =~ "ARM*#1" && jtag_cable_name =~ "Digilent Zybo Z7 210351B0FC9BA"} -index 0
dow C:/Users/super/OneDrive/Desktop/Universita/aes/assignment_3/worker/Debug/worker.elf
configparams force-mem-access 0
----------------End of Script----------------

16:06:55 INFO  : Memory regions updated for context APU
16:06:55 INFO  : Context for processor 'ps7_cortexa9_0' is selected.
16:06:55 INFO  : 'con' command is executed.
16:06:55 INFO  : Context for processor 'ps7_cortexa9_1' is selected.
16:06:55 INFO  : 'con' command is executed.
16:06:55 INFO  : ----------------XSDB Script (After Launch)----------------
targets -set -nocase -filter {name =~ "ARM*#0" && jtag_cable_name =~ "Digilent Zybo Z7 210351B0FC9BA"} -index 0
con
targets -set -nocase -filter {name =~ "ARM*#1" && jtag_cable_name =~ "Digilent Zybo Z7 210351B0FC9BA"} -index 0
con
----------------End of Script----------------

16:06:55 INFO  : Launch script is exported to file 'C:\Users\super\OneDrive\Desktop\Universita\aes\assignment_3\.sdk\launch_scripts\xilinx_c-c++_application_(system_debugger)\system_debugger_on_local.tcl'
16:07:42 INFO  : Disconnected from the channel tcfchan#3.
16:07:43 INFO  : Connected to target on host '127.0.0.1' and port '3121'.
16:07:43 INFO  : Jtag cable 'Digilent Zybo Z7 210351B0FC9BA' is selected.
16:07:43 INFO  : 'jtag frequency' command is executed.
16:07:43 INFO  : Sourcing of 'C:/Users/super/OneDrive/Desktop/Universita/aes/assignment_3/audio_lab.sdk/design_1_wrapper_hw_platform_1/ps7_init.tcl' is done.
16:07:43 INFO  : Context for 'APU' is selected.
16:07:43 INFO  : System reset is completed.
16:07:46 INFO  : 'after 3000' command is executed.
16:07:46 INFO  : 'targets -set -filter {jtag_cable_name =~ "Digilent Zybo Z7 210351B0FC9BA" && level==0} -index 1' command is executed.
16:07:47 INFO  : FPGA configured successfully with bitstream "C:/Users/super/OneDrive/Desktop/Universita/aes/assignment_3/audio_lab.sdk/design_1_wrapper_hw_platform_1/design_1_wrapper.bit"
16:07:47 INFO  : Context for 'APU' is selected.
16:07:48 INFO  : Hardware design information is loaded from 'C:/Users/super/OneDrive/Desktop/Universita/aes/assignment_3/audio_lab.sdk/design_1_wrapper_hw_platform_1/system.hdf'.
16:07:48 INFO  : 'configparams force-mem-access 1' command is executed.
16:07:48 INFO  : Context for 'APU' is selected.
16:07:48 INFO  : 'ps7_init' command is executed.
16:07:48 INFO  : 'ps7_post_config' command is executed.
16:07:48 INFO  : Context for processor 'ps7_cortexa9_0' is selected.
16:07:49 INFO  : The application 'C:/Users/super/OneDrive/Desktop/Universita/aes/assignment_3/master/Debug/master.elf' is downloaded to processor 'ps7_cortexa9_0'.
16:07:49 INFO  : Context for processor 'ps7_cortexa9_1' is selected.
16:07:49 INFO  : The application 'C:/Users/super/OneDrive/Desktop/Universita/aes/assignment_3/worker/Debug/worker.elf' is downloaded to processor 'ps7_cortexa9_1'.
16:07:49 INFO  : 'configparams force-mem-access 0' command is executed.
16:07:49 INFO  : ----------------XSDB Script----------------
connect -url tcp:127.0.0.1:3121
source C:/Users/super/OneDrive/Desktop/Universita/aes/assignment_3/audio_lab.sdk/design_1_wrapper_hw_platform_1/ps7_init.tcl
targets -set -nocase -filter {name =~"APU*" && jtag_cable_name =~ "Digilent Zybo Z7 210351B0FC9BA"} -index 0
rst -system
after 3000
targets -set -filter {jtag_cable_name =~ "Digilent Zybo Z7 210351B0FC9BA" && level==0} -index 1
fpga -file C:/Users/super/OneDrive/Desktop/Universita/aes/assignment_3/audio_lab.sdk/design_1_wrapper_hw_platform_1/design_1_wrapper.bit
targets -set -nocase -filter {name =~"APU*" && jtag_cable_name =~ "Digilent Zybo Z7 210351B0FC9BA"} -index 0
loadhw -hw C:/Users/super/OneDrive/Desktop/Universita/aes/assignment_3/audio_lab.sdk/design_1_wrapper_hw_platform_1/system.hdf -mem-ranges [list {0x40000000 0xbfffffff}]
configparams force-mem-access 1
targets -set -nocase -filter {name =~"APU*" && jtag_cable_name =~ "Digilent Zybo Z7 210351B0FC9BA"} -index 0
ps7_init
ps7_post_config
targets -set -nocase -filter {name =~ "ARM*#0" && jtag_cable_name =~ "Digilent Zybo Z7 210351B0FC9BA"} -index 0
dow C:/Users/super/OneDrive/Desktop/Universita/aes/assignment_3/master/Debug/master.elf
targets -set -nocase -filter {name =~ "ARM*#1" && jtag_cable_name =~ "Digilent Zybo Z7 210351B0FC9BA"} -index 0
dow C:/Users/super/OneDrive/Desktop/Universita/aes/assignment_3/worker/Debug/worker.elf
configparams force-mem-access 0
----------------End of Script----------------

16:07:49 INFO  : Memory regions updated for context APU
16:07:49 INFO  : Context for processor 'ps7_cortexa9_0' is selected.
16:07:49 INFO  : 'con' command is executed.
16:07:49 INFO  : Context for processor 'ps7_cortexa9_1' is selected.
16:07:49 INFO  : 'con' command is executed.
16:07:49 INFO  : ----------------XSDB Script (After Launch)----------------
targets -set -nocase -filter {name =~ "ARM*#0" && jtag_cable_name =~ "Digilent Zybo Z7 210351B0FC9BA"} -index 0
con
targets -set -nocase -filter {name =~ "ARM*#1" && jtag_cable_name =~ "Digilent Zybo Z7 210351B0FC9BA"} -index 0
con
----------------End of Script----------------

16:07:49 INFO  : Launch script is exported to file 'C:\Users\super\OneDrive\Desktop\Universita\aes\assignment_3\.sdk\launch_scripts\xilinx_c-c++_application_(system_debugger)\system_debugger_on_local.tcl'
16:08:40 INFO  : Disconnected from the channel tcfchan#4.
16:08:41 INFO  : Connected to target on host '127.0.0.1' and port '3121'.
16:08:41 INFO  : Jtag cable 'Digilent Zybo Z7 210351B0FC9BA' is selected.
16:08:41 INFO  : 'jtag frequency' command is executed.
16:08:41 INFO  : Sourcing of 'C:/Users/super/OneDrive/Desktop/Universita/aes/assignment_3/audio_lab.sdk/design_1_wrapper_hw_platform_1/ps7_init.tcl' is done.
16:08:41 INFO  : Context for 'APU' is selected.
16:08:41 INFO  : System reset is completed.
16:08:44 INFO  : 'after 3000' command is executed.
16:08:44 INFO  : 'targets -set -filter {jtag_cable_name =~ "Digilent Zybo Z7 210351B0FC9BA" && level==0} -index 1' command is executed.
16:08:46 INFO  : FPGA configured successfully with bitstream "C:/Users/super/OneDrive/Desktop/Universita/aes/assignment_3/audio_lab.sdk/design_1_wrapper_hw_platform_1/design_1_wrapper.bit"
16:08:46 INFO  : Context for 'APU' is selected.
16:08:47 INFO  : Hardware design information is loaded from 'C:/Users/super/OneDrive/Desktop/Universita/aes/assignment_3/audio_lab.sdk/design_1_wrapper_hw_platform_1/system.hdf'.
16:08:47 INFO  : 'configparams force-mem-access 1' command is executed.
16:08:47 INFO  : Context for 'APU' is selected.
16:08:47 INFO  : 'ps7_init' command is executed.
16:08:47 INFO  : 'ps7_post_config' command is executed.
16:08:47 INFO  : Context for processor 'ps7_cortexa9_0' is selected.
16:08:47 INFO  : The application 'C:/Users/super/OneDrive/Desktop/Universita/aes/assignment_3/master/Debug/master.elf' is downloaded to processor 'ps7_cortexa9_0'.
16:08:47 INFO  : Context for processor 'ps7_cortexa9_1' is selected.
16:08:47 INFO  : The application 'C:/Users/super/OneDrive/Desktop/Universita/aes/assignment_3/worker/Debug/worker.elf' is downloaded to processor 'ps7_cortexa9_1'.
16:08:47 INFO  : 'configparams force-mem-access 0' command is executed.
16:08:47 INFO  : ----------------XSDB Script----------------
connect -url tcp:127.0.0.1:3121
source C:/Users/super/OneDrive/Desktop/Universita/aes/assignment_3/audio_lab.sdk/design_1_wrapper_hw_platform_1/ps7_init.tcl
targets -set -nocase -filter {name =~"APU*" && jtag_cable_name =~ "Digilent Zybo Z7 210351B0FC9BA"} -index 0
rst -system
after 3000
targets -set -filter {jtag_cable_name =~ "Digilent Zybo Z7 210351B0FC9BA" && level==0} -index 1
fpga -file C:/Users/super/OneDrive/Desktop/Universita/aes/assignment_3/audio_lab.sdk/design_1_wrapper_hw_platform_1/design_1_wrapper.bit
targets -set -nocase -filter {name =~"APU*" && jtag_cable_name =~ "Digilent Zybo Z7 210351B0FC9BA"} -index 0
loadhw -hw C:/Users/super/OneDrive/Desktop/Universita/aes/assignment_3/audio_lab.sdk/design_1_wrapper_hw_platform_1/system.hdf -mem-ranges [list {0x40000000 0xbfffffff}]
configparams force-mem-access 1
targets -set -nocase -filter {name =~"APU*" && jtag_cable_name =~ "Digilent Zybo Z7 210351B0FC9BA"} -index 0
ps7_init
ps7_post_config
targets -set -nocase -filter {name =~ "ARM*#0" && jtag_cable_name =~ "Digilent Zybo Z7 210351B0FC9BA"} -index 0
dow C:/Users/super/OneDrive/Desktop/Universita/aes/assignment_3/master/Debug/master.elf
targets -set -nocase -filter {name =~ "ARM*#1" && jtag_cable_name =~ "Digilent Zybo Z7 210351B0FC9BA"} -index 0
dow C:/Users/super/OneDrive/Desktop/Universita/aes/assignment_3/worker/Debug/worker.elf
configparams force-mem-access 0
----------------End of Script----------------

16:08:47 INFO  : Memory regions updated for context APU
16:08:47 INFO  : Context for processor 'ps7_cortexa9_0' is selected.
16:08:47 INFO  : 'con' command is executed.
16:08:47 INFO  : Context for processor 'ps7_cortexa9_1' is selected.
16:08:48 INFO  : 'con' command is executed.
16:08:48 INFO  : ----------------XSDB Script (After Launch)----------------
targets -set -nocase -filter {name =~ "ARM*#0" && jtag_cable_name =~ "Digilent Zybo Z7 210351B0FC9BA"} -index 0
con
targets -set -nocase -filter {name =~ "ARM*#1" && jtag_cable_name =~ "Digilent Zybo Z7 210351B0FC9BA"} -index 0
con
----------------End of Script----------------

16:08:48 INFO  : Launch script is exported to file 'C:\Users\super\OneDrive\Desktop\Universita\aes\assignment_3\.sdk\launch_scripts\xilinx_c-c++_application_(system_debugger)\system_debugger_on_local.tcl'
16:20:24 INFO  : Disconnected from the channel tcfchan#5.
16:20:25 INFO  : Connected to target on host '127.0.0.1' and port '3121'.
16:20:25 INFO  : Jtag cable 'Digilent Zybo Z7 210351B0FC9BA' is selected.
16:20:25 INFO  : 'jtag frequency' command is executed.
16:20:25 INFO  : Sourcing of 'C:/Users/super/OneDrive/Desktop/Universita/aes/assignment_3/audio_lab.sdk/design_1_wrapper_hw_platform_1/ps7_init.tcl' is done.
16:20:25 INFO  : Context for 'APU' is selected.
16:20:25 INFO  : System reset is completed.
16:20:28 INFO  : 'after 3000' command is executed.
16:20:28 INFO  : 'targets -set -filter {jtag_cable_name =~ "Digilent Zybo Z7 210351B0FC9BA" && level==0} -index 1' command is executed.
16:20:30 INFO  : FPGA configured successfully with bitstream "C:/Users/super/OneDrive/Desktop/Universita/aes/assignment_3/audio_lab.sdk/design_1_wrapper_hw_platform_1/design_1_wrapper.bit"
16:20:30 INFO  : Context for 'APU' is selected.
16:20:31 INFO  : Hardware design information is loaded from 'C:/Users/super/OneDrive/Desktop/Universita/aes/assignment_3/audio_lab.sdk/design_1_wrapper_hw_platform_1/system.hdf'.
16:20:31 INFO  : 'configparams force-mem-access 1' command is executed.
16:20:31 INFO  : Context for 'APU' is selected.
16:20:31 INFO  : 'ps7_init' command is executed.
16:20:31 INFO  : 'ps7_post_config' command is executed.
16:20:31 INFO  : Context for processor 'ps7_cortexa9_0' is selected.
16:20:31 INFO  : The application 'C:/Users/super/OneDrive/Desktop/Universita/aes/assignment_3/master/Debug/master.elf' is downloaded to processor 'ps7_cortexa9_0'.
16:20:31 INFO  : Context for processor 'ps7_cortexa9_1' is selected.
16:20:31 INFO  : The application 'C:/Users/super/OneDrive/Desktop/Universita/aes/assignment_3/worker/Debug/worker.elf' is downloaded to processor 'ps7_cortexa9_1'.
16:20:31 INFO  : 'configparams force-mem-access 0' command is executed.
16:20:31 INFO  : ----------------XSDB Script----------------
connect -url tcp:127.0.0.1:3121
source C:/Users/super/OneDrive/Desktop/Universita/aes/assignment_3/audio_lab.sdk/design_1_wrapper_hw_platform_1/ps7_init.tcl
targets -set -nocase -filter {name =~"APU*" && jtag_cable_name =~ "Digilent Zybo Z7 210351B0FC9BA"} -index 0
rst -system
after 3000
targets -set -filter {jtag_cable_name =~ "Digilent Zybo Z7 210351B0FC9BA" && level==0} -index 1
fpga -file C:/Users/super/OneDrive/Desktop/Universita/aes/assignment_3/audio_lab.sdk/design_1_wrapper_hw_platform_1/design_1_wrapper.bit
targets -set -nocase -filter {name =~"APU*" && jtag_cable_name =~ "Digilent Zybo Z7 210351B0FC9BA"} -index 0
loadhw -hw C:/Users/super/OneDrive/Desktop/Universita/aes/assignment_3/audio_lab.sdk/design_1_wrapper_hw_platform_1/system.hdf -mem-ranges [list {0x40000000 0xbfffffff}]
configparams force-mem-access 1
targets -set -nocase -filter {name =~"APU*" && jtag_cable_name =~ "Digilent Zybo Z7 210351B0FC9BA"} -index 0
ps7_init
ps7_post_config
targets -set -nocase -filter {name =~ "ARM*#0" && jtag_cable_name =~ "Digilent Zybo Z7 210351B0FC9BA"} -index 0
dow C:/Users/super/OneDrive/Desktop/Universita/aes/assignment_3/master/Debug/master.elf
targets -set -nocase -filter {name =~ "ARM*#1" && jtag_cable_name =~ "Digilent Zybo Z7 210351B0FC9BA"} -index 0
dow C:/Users/super/OneDrive/Desktop/Universita/aes/assignment_3/worker/Debug/worker.elf
configparams force-mem-access 0
----------------End of Script----------------

16:20:31 INFO  : Memory regions updated for context APU
16:20:31 INFO  : Context for processor 'ps7_cortexa9_0' is selected.
16:20:31 INFO  : 'con' command is executed.
16:20:31 INFO  : Context for processor 'ps7_cortexa9_1' is selected.
16:20:31 INFO  : 'con' command is executed.
16:20:31 INFO  : ----------------XSDB Script (After Launch)----------------
targets -set -nocase -filter {name =~ "ARM*#0" && jtag_cable_name =~ "Digilent Zybo Z7 210351B0FC9BA"} -index 0
con
targets -set -nocase -filter {name =~ "ARM*#1" && jtag_cable_name =~ "Digilent Zybo Z7 210351B0FC9BA"} -index 0
con
----------------End of Script----------------

16:20:31 INFO  : Launch script is exported to file 'C:\Users\super\OneDrive\Desktop\Universita\aes\assignment_3\.sdk\launch_scripts\xilinx_c-c++_application_(system_debugger)\system_debugger_on_local.tcl'
16:20:43 INFO  : Disconnected from the channel tcfchan#6.
16:20:44 INFO  : Connected to target on host '127.0.0.1' and port '3121'.
16:20:44 INFO  : Jtag cable 'Digilent Zybo Z7 210351B0FC9BA' is selected.
16:20:44 INFO  : 'jtag frequency' command is executed.
16:20:44 INFO  : Sourcing of 'C:/Users/super/OneDrive/Desktop/Universita/aes/assignment_3/audio_lab.sdk/design_1_wrapper_hw_platform_1/ps7_init.tcl' is done.
16:20:44 INFO  : Context for 'APU' is selected.
16:20:44 INFO  : System reset is completed.
16:20:47 INFO  : 'after 3000' command is executed.
16:20:47 INFO  : 'targets -set -filter {jtag_cable_name =~ "Digilent Zybo Z7 210351B0FC9BA" && level==0} -index 1' command is executed.
16:20:48 INFO  : FPGA configured successfully with bitstream "C:/Users/super/OneDrive/Desktop/Universita/aes/assignment_3/audio_lab.sdk/design_1_wrapper_hw_platform_1/design_1_wrapper.bit"
16:20:48 INFO  : Context for 'APU' is selected.
16:20:49 INFO  : Hardware design information is loaded from 'C:/Users/super/OneDrive/Desktop/Universita/aes/assignment_3/audio_lab.sdk/design_1_wrapper_hw_platform_1/system.hdf'.
16:20:49 INFO  : 'configparams force-mem-access 1' command is executed.
16:20:49 INFO  : Context for 'APU' is selected.
16:20:50 INFO  : 'ps7_init' command is executed.
16:20:50 INFO  : 'ps7_post_config' command is executed.
16:20:50 INFO  : Context for processor 'ps7_cortexa9_0' is selected.
16:20:50 INFO  : The application 'C:/Users/super/OneDrive/Desktop/Universita/aes/assignment_3/master/Debug/master.elf' is downloaded to processor 'ps7_cortexa9_0'.
16:20:50 INFO  : Context for processor 'ps7_cortexa9_1' is selected.
16:20:50 INFO  : The application 'C:/Users/super/OneDrive/Desktop/Universita/aes/assignment_3/worker/Debug/worker.elf' is downloaded to processor 'ps7_cortexa9_1'.
16:20:50 INFO  : 'configparams force-mem-access 0' command is executed.
16:20:50 INFO  : ----------------XSDB Script----------------
connect -url tcp:127.0.0.1:3121
source C:/Users/super/OneDrive/Desktop/Universita/aes/assignment_3/audio_lab.sdk/design_1_wrapper_hw_platform_1/ps7_init.tcl
targets -set -nocase -filter {name =~"APU*" && jtag_cable_name =~ "Digilent Zybo Z7 210351B0FC9BA"} -index 0
rst -system
after 3000
targets -set -filter {jtag_cable_name =~ "Digilent Zybo Z7 210351B0FC9BA" && level==0} -index 1
fpga -file C:/Users/super/OneDrive/Desktop/Universita/aes/assignment_3/audio_lab.sdk/design_1_wrapper_hw_platform_1/design_1_wrapper.bit
targets -set -nocase -filter {name =~"APU*" && jtag_cable_name =~ "Digilent Zybo Z7 210351B0FC9BA"} -index 0
loadhw -hw C:/Users/super/OneDrive/Desktop/Universita/aes/assignment_3/audio_lab.sdk/design_1_wrapper_hw_platform_1/system.hdf -mem-ranges [list {0x40000000 0xbfffffff}]
configparams force-mem-access 1
targets -set -nocase -filter {name =~"APU*" && jtag_cable_name =~ "Digilent Zybo Z7 210351B0FC9BA"} -index 0
ps7_init
ps7_post_config
targets -set -nocase -filter {name =~ "ARM*#0" && jtag_cable_name =~ "Digilent Zybo Z7 210351B0FC9BA"} -index 0
dow C:/Users/super/OneDrive/Desktop/Universita/aes/assignment_3/master/Debug/master.elf
targets -set -nocase -filter {name =~ "ARM*#1" && jtag_cable_name =~ "Digilent Zybo Z7 210351B0FC9BA"} -index 0
dow C:/Users/super/OneDrive/Desktop/Universita/aes/assignment_3/worker/Debug/worker.elf
configparams force-mem-access 0
----------------End of Script----------------

16:20:50 INFO  : Memory regions updated for context APU
16:20:50 INFO  : Context for processor 'ps7_cortexa9_0' is selected.
16:20:50 INFO  : 'con' command is executed.
16:20:50 INFO  : Context for processor 'ps7_cortexa9_1' is selected.
16:20:50 INFO  : 'con' command is executed.
16:20:50 INFO  : ----------------XSDB Script (After Launch)----------------
targets -set -nocase -filter {name =~ "ARM*#0" && jtag_cable_name =~ "Digilent Zybo Z7 210351B0FC9BA"} -index 0
con
targets -set -nocase -filter {name =~ "ARM*#1" && jtag_cable_name =~ "Digilent Zybo Z7 210351B0FC9BA"} -index 0
con
----------------End of Script----------------

16:20:50 INFO  : Launch script is exported to file 'C:\Users\super\OneDrive\Desktop\Universita\aes\assignment_3\.sdk\launch_scripts\xilinx_c-c++_application_(system_debugger)\system_debugger_on_local.tcl'
16:21:04 INFO  : Disconnected from the channel tcfchan#7.
16:21:05 INFO  : Connected to target on host '127.0.0.1' and port '3121'.
16:21:05 INFO  : Jtag cable 'Digilent Zybo Z7 210351B0FC9BA' is selected.
16:21:05 INFO  : 'jtag frequency' command is executed.
16:21:05 INFO  : Sourcing of 'C:/Users/super/OneDrive/Desktop/Universita/aes/assignment_3/audio_lab.sdk/design_1_wrapper_hw_platform_1/ps7_init.tcl' is done.
16:21:05 INFO  : Context for 'APU' is selected.
16:21:05 INFO  : System reset is completed.
16:21:08 INFO  : 'after 3000' command is executed.
16:21:08 INFO  : 'targets -set -filter {jtag_cable_name =~ "Digilent Zybo Z7 210351B0FC9BA" && level==0} -index 1' command is executed.
16:21:09 INFO  : FPGA configured successfully with bitstream "C:/Users/super/OneDrive/Desktop/Universita/aes/assignment_3/audio_lab.sdk/design_1_wrapper_hw_platform_1/design_1_wrapper.bit"
16:21:09 INFO  : Context for 'APU' is selected.
16:21:10 INFO  : Hardware design information is loaded from 'C:/Users/super/OneDrive/Desktop/Universita/aes/assignment_3/audio_lab.sdk/design_1_wrapper_hw_platform_1/system.hdf'.
16:21:10 INFO  : 'configparams force-mem-access 1' command is executed.
16:21:10 INFO  : Context for 'APU' is selected.
16:21:10 INFO  : 'ps7_init' command is executed.
16:21:10 INFO  : 'ps7_post_config' command is executed.
16:21:10 INFO  : Context for processor 'ps7_cortexa9_0' is selected.
16:21:10 INFO  : The application 'C:/Users/super/OneDrive/Desktop/Universita/aes/assignment_3/master/Debug/master.elf' is downloaded to processor 'ps7_cortexa9_0'.
16:21:10 INFO  : Context for processor 'ps7_cortexa9_1' is selected.
16:21:11 INFO  : The application 'C:/Users/super/OneDrive/Desktop/Universita/aes/assignment_3/worker/Debug/worker.elf' is downloaded to processor 'ps7_cortexa9_1'.
16:21:11 INFO  : 'configparams force-mem-access 0' command is executed.
16:21:11 INFO  : ----------------XSDB Script----------------
connect -url tcp:127.0.0.1:3121
source C:/Users/super/OneDrive/Desktop/Universita/aes/assignment_3/audio_lab.sdk/design_1_wrapper_hw_platform_1/ps7_init.tcl
targets -set -nocase -filter {name =~"APU*" && jtag_cable_name =~ "Digilent Zybo Z7 210351B0FC9BA"} -index 0
rst -system
after 3000
targets -set -filter {jtag_cable_name =~ "Digilent Zybo Z7 210351B0FC9BA" && level==0} -index 1
fpga -file C:/Users/super/OneDrive/Desktop/Universita/aes/assignment_3/audio_lab.sdk/design_1_wrapper_hw_platform_1/design_1_wrapper.bit
targets -set -nocase -filter {name =~"APU*" && jtag_cable_name =~ "Digilent Zybo Z7 210351B0FC9BA"} -index 0
loadhw -hw C:/Users/super/OneDrive/Desktop/Universita/aes/assignment_3/audio_lab.sdk/design_1_wrapper_hw_platform_1/system.hdf -mem-ranges [list {0x40000000 0xbfffffff}]
configparams force-mem-access 1
targets -set -nocase -filter {name =~"APU*" && jtag_cable_name =~ "Digilent Zybo Z7 210351B0FC9BA"} -index 0
ps7_init
ps7_post_config
targets -set -nocase -filter {name =~ "ARM*#0" && jtag_cable_name =~ "Digilent Zybo Z7 210351B0FC9BA"} -index 0
dow C:/Users/super/OneDrive/Desktop/Universita/aes/assignment_3/master/Debug/master.elf
targets -set -nocase -filter {name =~ "ARM*#1" && jtag_cable_name =~ "Digilent Zybo Z7 210351B0FC9BA"} -index 0
dow C:/Users/super/OneDrive/Desktop/Universita/aes/assignment_3/worker/Debug/worker.elf
configparams force-mem-access 0
----------------End of Script----------------

16:21:11 INFO  : Memory regions updated for context APU
16:21:11 INFO  : Context for processor 'ps7_cortexa9_0' is selected.
16:21:11 INFO  : 'con' command is executed.
16:21:11 INFO  : Context for processor 'ps7_cortexa9_1' is selected.
16:21:11 INFO  : 'con' command is executed.
16:21:11 INFO  : ----------------XSDB Script (After Launch)----------------
targets -set -nocase -filter {name =~ "ARM*#0" && jtag_cable_name =~ "Digilent Zybo Z7 210351B0FC9BA"} -index 0
con
targets -set -nocase -filter {name =~ "ARM*#1" && jtag_cable_name =~ "Digilent Zybo Z7 210351B0FC9BA"} -index 0
con
----------------End of Script----------------

16:21:11 INFO  : Launch script is exported to file 'C:\Users\super\OneDrive\Desktop\Universita\aes\assignment_3\.sdk\launch_scripts\xilinx_c-c++_application_(system_debugger)\system_debugger_on_local.tcl'
16:21:21 INFO  : Disconnected from the channel tcfchan#8.
16:21:22 INFO  : Connected to target on host '127.0.0.1' and port '3121'.
16:21:22 INFO  : Jtag cable 'Digilent Zybo Z7 210351B0FC9BA' is selected.
16:21:22 INFO  : 'jtag frequency' command is executed.
16:21:22 INFO  : Sourcing of 'C:/Users/super/OneDrive/Desktop/Universita/aes/assignment_3/audio_lab.sdk/design_1_wrapper_hw_platform_1/ps7_init.tcl' is done.
16:21:22 INFO  : Context for 'APU' is selected.
16:21:22 INFO  : System reset is completed.
16:21:25 INFO  : 'after 3000' command is executed.
16:21:25 INFO  : 'targets -set -filter {jtag_cable_name =~ "Digilent Zybo Z7 210351B0FC9BA" && level==0} -index 1' command is executed.
16:21:27 INFO  : FPGA configured successfully with bitstream "C:/Users/super/OneDrive/Desktop/Universita/aes/assignment_3/audio_lab.sdk/design_1_wrapper_hw_platform_1/design_1_wrapper.bit"
16:21:27 INFO  : Context for 'APU' is selected.
16:21:28 INFO  : Hardware design information is loaded from 'C:/Users/super/OneDrive/Desktop/Universita/aes/assignment_3/audio_lab.sdk/design_1_wrapper_hw_platform_1/system.hdf'.
16:21:28 INFO  : 'configparams force-mem-access 1' command is executed.
16:21:28 INFO  : Context for 'APU' is selected.
16:21:28 INFO  : 'ps7_init' command is executed.
16:21:28 INFO  : 'ps7_post_config' command is executed.
16:21:28 INFO  : Context for processor 'ps7_cortexa9_0' is selected.
16:21:28 INFO  : The application 'C:/Users/super/OneDrive/Desktop/Universita/aes/assignment_3/master/Debug/master.elf' is downloaded to processor 'ps7_cortexa9_0'.
16:21:28 INFO  : Context for processor 'ps7_cortexa9_1' is selected.
16:21:28 INFO  : The application 'C:/Users/super/OneDrive/Desktop/Universita/aes/assignment_3/worker/Debug/worker.elf' is downloaded to processor 'ps7_cortexa9_1'.
16:21:28 INFO  : 'configparams force-mem-access 0' command is executed.
16:21:28 INFO  : ----------------XSDB Script----------------
connect -url tcp:127.0.0.1:3121
source C:/Users/super/OneDrive/Desktop/Universita/aes/assignment_3/audio_lab.sdk/design_1_wrapper_hw_platform_1/ps7_init.tcl
targets -set -nocase -filter {name =~"APU*" && jtag_cable_name =~ "Digilent Zybo Z7 210351B0FC9BA"} -index 0
rst -system
after 3000
targets -set -filter {jtag_cable_name =~ "Digilent Zybo Z7 210351B0FC9BA" && level==0} -index 1
fpga -file C:/Users/super/OneDrive/Desktop/Universita/aes/assignment_3/audio_lab.sdk/design_1_wrapper_hw_platform_1/design_1_wrapper.bit
targets -set -nocase -filter {name =~"APU*" && jtag_cable_name =~ "Digilent Zybo Z7 210351B0FC9BA"} -index 0
loadhw -hw C:/Users/super/OneDrive/Desktop/Universita/aes/assignment_3/audio_lab.sdk/design_1_wrapper_hw_platform_1/system.hdf -mem-ranges [list {0x40000000 0xbfffffff}]
configparams force-mem-access 1
targets -set -nocase -filter {name =~"APU*" && jtag_cable_name =~ "Digilent Zybo Z7 210351B0FC9BA"} -index 0
ps7_init
ps7_post_config
targets -set -nocase -filter {name =~ "ARM*#0" && jtag_cable_name =~ "Digilent Zybo Z7 210351B0FC9BA"} -index 0
dow C:/Users/super/OneDrive/Desktop/Universita/aes/assignment_3/master/Debug/master.elf
targets -set -nocase -filter {name =~ "ARM*#1" && jtag_cable_name =~ "Digilent Zybo Z7 210351B0FC9BA"} -index 0
dow C:/Users/super/OneDrive/Desktop/Universita/aes/assignment_3/worker/Debug/worker.elf
configparams force-mem-access 0
----------------End of Script----------------

16:21:28 INFO  : Memory regions updated for context APU
16:21:28 INFO  : Context for processor 'ps7_cortexa9_0' is selected.
16:21:28 INFO  : 'con' command is executed.
16:21:28 INFO  : Context for processor 'ps7_cortexa9_1' is selected.
16:21:28 INFO  : 'con' command is executed.
16:21:28 INFO  : ----------------XSDB Script (After Launch)----------------
targets -set -nocase -filter {name =~ "ARM*#0" && jtag_cable_name =~ "Digilent Zybo Z7 210351B0FC9BA"} -index 0
con
targets -set -nocase -filter {name =~ "ARM*#1" && jtag_cable_name =~ "Digilent Zybo Z7 210351B0FC9BA"} -index 0
con
----------------End of Script----------------

16:21:28 INFO  : Launch script is exported to file 'C:\Users\super\OneDrive\Desktop\Universita\aes\assignment_3\.sdk\launch_scripts\xilinx_c-c++_application_(system_debugger)\system_debugger_on_local.tcl'
16:22:47 INFO  : Disconnected from the channel tcfchan#9.
16:22:48 INFO  : Connected to target on host '127.0.0.1' and port '3121'.
16:22:48 INFO  : Jtag cable 'Digilent Zybo Z7 210351B0FC9BA' is selected.
16:22:48 INFO  : 'jtag frequency' command is executed.
16:22:48 INFO  : Sourcing of 'C:/Users/super/OneDrive/Desktop/Universita/aes/assignment_3/audio_lab.sdk/design_1_wrapper_hw_platform_1/ps7_init.tcl' is done.
16:22:48 INFO  : Context for 'APU' is selected.
16:22:48 INFO  : System reset is completed.
16:22:51 INFO  : 'after 3000' command is executed.
16:22:52 INFO  : 'targets -set -filter {jtag_cable_name =~ "Digilent Zybo Z7 210351B0FC9BA" && level==0} -index 1' command is executed.
16:22:53 INFO  : FPGA configured successfully with bitstream "C:/Users/super/OneDrive/Desktop/Universita/aes/assignment_3/audio_lab.sdk/design_1_wrapper_hw_platform_1/design_1_wrapper.bit"
16:22:53 INFO  : Context for 'APU' is selected.
16:22:54 INFO  : Hardware design information is loaded from 'C:/Users/super/OneDrive/Desktop/Universita/aes/assignment_3/audio_lab.sdk/design_1_wrapper_hw_platform_1/system.hdf'.
16:22:54 INFO  : 'configparams force-mem-access 1' command is executed.
16:22:54 INFO  : Context for 'APU' is selected.
16:22:54 INFO  : 'ps7_init' command is executed.
16:22:54 INFO  : 'ps7_post_config' command is executed.
16:22:54 INFO  : Context for processor 'ps7_cortexa9_0' is selected.
16:22:54 INFO  : The application 'C:/Users/super/OneDrive/Desktop/Universita/aes/assignment_3/master/Debug/master.elf' is downloaded to processor 'ps7_cortexa9_0'.
16:22:54 INFO  : Context for processor 'ps7_cortexa9_1' is selected.
16:22:54 INFO  : The application 'C:/Users/super/OneDrive/Desktop/Universita/aes/assignment_3/worker/Debug/worker.elf' is downloaded to processor 'ps7_cortexa9_1'.
16:22:54 INFO  : 'configparams force-mem-access 0' command is executed.
16:22:54 INFO  : ----------------XSDB Script----------------
connect -url tcp:127.0.0.1:3121
source C:/Users/super/OneDrive/Desktop/Universita/aes/assignment_3/audio_lab.sdk/design_1_wrapper_hw_platform_1/ps7_init.tcl
targets -set -nocase -filter {name =~"APU*" && jtag_cable_name =~ "Digilent Zybo Z7 210351B0FC9BA"} -index 0
rst -system
after 3000
targets -set -filter {jtag_cable_name =~ "Digilent Zybo Z7 210351B0FC9BA" && level==0} -index 1
fpga -file C:/Users/super/OneDrive/Desktop/Universita/aes/assignment_3/audio_lab.sdk/design_1_wrapper_hw_platform_1/design_1_wrapper.bit
targets -set -nocase -filter {name =~"APU*" && jtag_cable_name =~ "Digilent Zybo Z7 210351B0FC9BA"} -index 0
loadhw -hw C:/Users/super/OneDrive/Desktop/Universita/aes/assignment_3/audio_lab.sdk/design_1_wrapper_hw_platform_1/system.hdf -mem-ranges [list {0x40000000 0xbfffffff}]
configparams force-mem-access 1
targets -set -nocase -filter {name =~"APU*" && jtag_cable_name =~ "Digilent Zybo Z7 210351B0FC9BA"} -index 0
ps7_init
ps7_post_config
targets -set -nocase -filter {name =~ "ARM*#0" && jtag_cable_name =~ "Digilent Zybo Z7 210351B0FC9BA"} -index 0
dow C:/Users/super/OneDrive/Desktop/Universita/aes/assignment_3/master/Debug/master.elf
targets -set -nocase -filter {name =~ "ARM*#1" && jtag_cable_name =~ "Digilent Zybo Z7 210351B0FC9BA"} -index 0
dow C:/Users/super/OneDrive/Desktop/Universita/aes/assignment_3/worker/Debug/worker.elf
configparams force-mem-access 0
----------------End of Script----------------

16:22:54 INFO  : Memory regions updated for context APU
16:22:54 INFO  : Context for processor 'ps7_cortexa9_0' is selected.
16:22:54 INFO  : 'con' command is executed.
16:22:54 INFO  : Context for processor 'ps7_cortexa9_1' is selected.
16:22:54 INFO  : 'con' command is executed.
16:22:54 INFO  : ----------------XSDB Script (After Launch)----------------
targets -set -nocase -filter {name =~ "ARM*#0" && jtag_cable_name =~ "Digilent Zybo Z7 210351B0FC9BA"} -index 0
con
targets -set -nocase -filter {name =~ "ARM*#1" && jtag_cable_name =~ "Digilent Zybo Z7 210351B0FC9BA"} -index 0
con
----------------End of Script----------------

16:22:54 INFO  : Launch script is exported to file 'C:\Users\super\OneDrive\Desktop\Universita\aes\assignment_3\.sdk\launch_scripts\xilinx_c-c++_application_(system_debugger)\system_debugger_on_local.tcl'
16:31:37 INFO  : Disconnected from the channel tcfchan#10.
16:31:38 INFO  : Connected to target on host '127.0.0.1' and port '3121'.
16:31:39 INFO  : Jtag cable 'Digilent Zybo Z7 210351B0FC9BA' is selected.
16:31:39 INFO  : 'jtag frequency' command is executed.
16:31:39 INFO  : Sourcing of 'C:/Users/super/OneDrive/Desktop/Universita/aes/assignment_3/audio_lab.sdk/design_1_wrapper_hw_platform_1/ps7_init.tcl' is done.
16:31:39 INFO  : Context for 'APU' is selected.
16:31:39 INFO  : System reset is completed.
16:31:42 INFO  : 'after 3000' command is executed.
16:31:42 INFO  : 'targets -set -filter {jtag_cable_name =~ "Digilent Zybo Z7 210351B0FC9BA" && level==0} -index 1' command is executed.
16:31:43 INFO  : FPGA configured successfully with bitstream "C:/Users/super/OneDrive/Desktop/Universita/aes/assignment_3/audio_lab.sdk/design_1_wrapper_hw_platform_1/design_1_wrapper.bit"
16:31:43 INFO  : Context for 'APU' is selected.
16:31:44 INFO  : Hardware design information is loaded from 'C:/Users/super/OneDrive/Desktop/Universita/aes/assignment_3/audio_lab.sdk/design_1_wrapper_hw_platform_1/system.hdf'.
16:31:44 INFO  : 'configparams force-mem-access 1' command is executed.
16:31:44 INFO  : Context for 'APU' is selected.
16:31:44 INFO  : 'ps7_init' command is executed.
16:31:44 INFO  : 'ps7_post_config' command is executed.
16:31:44 INFO  : Context for processor 'ps7_cortexa9_0' is selected.
16:31:44 INFO  : The application 'C:/Users/super/OneDrive/Desktop/Universita/aes/assignment_3/master/Debug/master.elf' is downloaded to processor 'ps7_cortexa9_0'.
16:31:44 INFO  : Context for processor 'ps7_cortexa9_1' is selected.
16:31:44 INFO  : The application 'C:/Users/super/OneDrive/Desktop/Universita/aes/assignment_3/worker/Debug/worker.elf' is downloaded to processor 'ps7_cortexa9_1'.
16:31:44 INFO  : 'configparams force-mem-access 0' command is executed.
16:31:44 INFO  : ----------------XSDB Script----------------
connect -url tcp:127.0.0.1:3121
source C:/Users/super/OneDrive/Desktop/Universita/aes/assignment_3/audio_lab.sdk/design_1_wrapper_hw_platform_1/ps7_init.tcl
targets -set -nocase -filter {name =~"APU*" && jtag_cable_name =~ "Digilent Zybo Z7 210351B0FC9BA"} -index 0
rst -system
after 3000
targets -set -filter {jtag_cable_name =~ "Digilent Zybo Z7 210351B0FC9BA" && level==0} -index 1
fpga -file C:/Users/super/OneDrive/Desktop/Universita/aes/assignment_3/audio_lab.sdk/design_1_wrapper_hw_platform_1/design_1_wrapper.bit
targets -set -nocase -filter {name =~"APU*" && jtag_cable_name =~ "Digilent Zybo Z7 210351B0FC9BA"} -index 0
loadhw -hw C:/Users/super/OneDrive/Desktop/Universita/aes/assignment_3/audio_lab.sdk/design_1_wrapper_hw_platform_1/system.hdf -mem-ranges [list {0x40000000 0xbfffffff}]
configparams force-mem-access 1
targets -set -nocase -filter {name =~"APU*" && jtag_cable_name =~ "Digilent Zybo Z7 210351B0FC9BA"} -index 0
ps7_init
ps7_post_config
targets -set -nocase -filter {name =~ "ARM*#0" && jtag_cable_name =~ "Digilent Zybo Z7 210351B0FC9BA"} -index 0
dow C:/Users/super/OneDrive/Desktop/Universita/aes/assignment_3/master/Debug/master.elf
targets -set -nocase -filter {name =~ "ARM*#1" && jtag_cable_name =~ "Digilent Zybo Z7 210351B0FC9BA"} -index 0
dow C:/Users/super/OneDrive/Desktop/Universita/aes/assignment_3/worker/Debug/worker.elf
configparams force-mem-access 0
----------------End of Script----------------

16:31:44 INFO  : Memory regions updated for context APU
16:31:44 INFO  : Context for processor 'ps7_cortexa9_0' is selected.
16:31:45 INFO  : 'con' command is executed.
16:31:45 INFO  : Context for processor 'ps7_cortexa9_1' is selected.
16:31:45 INFO  : 'con' command is executed.
16:31:45 INFO  : ----------------XSDB Script (After Launch)----------------
targets -set -nocase -filter {name =~ "ARM*#0" && jtag_cable_name =~ "Digilent Zybo Z7 210351B0FC9BA"} -index 0
con
targets -set -nocase -filter {name =~ "ARM*#1" && jtag_cable_name =~ "Digilent Zybo Z7 210351B0FC9BA"} -index 0
con
----------------End of Script----------------

16:31:45 INFO  : Launch script is exported to file 'C:\Users\super\OneDrive\Desktop\Universita\aes\assignment_3\.sdk\launch_scripts\xilinx_c-c++_application_(system_debugger)\system_debugger_on_local.tcl'
16:32:13 INFO  : Disconnected from the channel tcfchan#11.
16:32:14 INFO  : Connected to target on host '127.0.0.1' and port '3121'.
16:32:14 INFO  : Jtag cable 'Digilent Zybo Z7 210351B0FC9BA' is selected.
16:32:14 INFO  : 'jtag frequency' command is executed.
16:32:14 INFO  : Sourcing of 'C:/Users/super/OneDrive/Desktop/Universita/aes/assignment_3/audio_lab.sdk/design_1_wrapper_hw_platform_1/ps7_init.tcl' is done.
16:32:14 INFO  : Context for 'APU' is selected.
16:32:14 INFO  : System reset is completed.
16:32:17 INFO  : 'after 3000' command is executed.
16:32:17 INFO  : 'targets -set -filter {jtag_cable_name =~ "Digilent Zybo Z7 210351B0FC9BA" && level==0} -index 1' command is executed.
16:32:18 INFO  : FPGA configured successfully with bitstream "C:/Users/super/OneDrive/Desktop/Universita/aes/assignment_3/audio_lab.sdk/design_1_wrapper_hw_platform_1/design_1_wrapper.bit"
16:32:18 INFO  : Context for 'APU' is selected.
16:32:19 INFO  : Hardware design information is loaded from 'C:/Users/super/OneDrive/Desktop/Universita/aes/assignment_3/audio_lab.sdk/design_1_wrapper_hw_platform_1/system.hdf'.
16:32:19 INFO  : 'configparams force-mem-access 1' command is executed.
16:32:19 INFO  : Context for 'APU' is selected.
16:32:19 INFO  : 'ps7_init' command is executed.
16:32:19 INFO  : 'ps7_post_config' command is executed.
16:32:19 INFO  : Context for processor 'ps7_cortexa9_0' is selected.
16:32:20 INFO  : The application 'C:/Users/super/OneDrive/Desktop/Universita/aes/assignment_3/master/Debug/master.elf' is downloaded to processor 'ps7_cortexa9_0'.
16:32:20 INFO  : Context for processor 'ps7_cortexa9_1' is selected.
16:32:20 INFO  : The application 'C:/Users/super/OneDrive/Desktop/Universita/aes/assignment_3/worker/Debug/worker.elf' is downloaded to processor 'ps7_cortexa9_1'.
16:32:20 INFO  : 'configparams force-mem-access 0' command is executed.
16:32:20 INFO  : ----------------XSDB Script----------------
connect -url tcp:127.0.0.1:3121
source C:/Users/super/OneDrive/Desktop/Universita/aes/assignment_3/audio_lab.sdk/design_1_wrapper_hw_platform_1/ps7_init.tcl
targets -set -nocase -filter {name =~"APU*" && jtag_cable_name =~ "Digilent Zybo Z7 210351B0FC9BA"} -index 0
rst -system
after 3000
targets -set -filter {jtag_cable_name =~ "Digilent Zybo Z7 210351B0FC9BA" && level==0} -index 1
fpga -file C:/Users/super/OneDrive/Desktop/Universita/aes/assignment_3/audio_lab.sdk/design_1_wrapper_hw_platform_1/design_1_wrapper.bit
targets -set -nocase -filter {name =~"APU*" && jtag_cable_name =~ "Digilent Zybo Z7 210351B0FC9BA"} -index 0
loadhw -hw C:/Users/super/OneDrive/Desktop/Universita/aes/assignment_3/audio_lab.sdk/design_1_wrapper_hw_platform_1/system.hdf -mem-ranges [list {0x40000000 0xbfffffff}]
configparams force-mem-access 1
targets -set -nocase -filter {name =~"APU*" && jtag_cable_name =~ "Digilent Zybo Z7 210351B0FC9BA"} -index 0
ps7_init
ps7_post_config
targets -set -nocase -filter {name =~ "ARM*#0" && jtag_cable_name =~ "Digilent Zybo Z7 210351B0FC9BA"} -index 0
dow C:/Users/super/OneDrive/Desktop/Universita/aes/assignment_3/master/Debug/master.elf
targets -set -nocase -filter {name =~ "ARM*#1" && jtag_cable_name =~ "Digilent Zybo Z7 210351B0FC9BA"} -index 0
dow C:/Users/super/OneDrive/Desktop/Universita/aes/assignment_3/worker/Debug/worker.elf
configparams force-mem-access 0
----------------End of Script----------------

16:32:20 INFO  : Memory regions updated for context APU
16:32:20 INFO  : Context for processor 'ps7_cortexa9_0' is selected.
16:32:20 INFO  : 'con' command is executed.
16:32:20 INFO  : Context for processor 'ps7_cortexa9_1' is selected.
16:32:20 INFO  : 'con' command is executed.
16:32:20 INFO  : ----------------XSDB Script (After Launch)----------------
targets -set -nocase -filter {name =~ "ARM*#0" && jtag_cable_name =~ "Digilent Zybo Z7 210351B0FC9BA"} -index 0
con
targets -set -nocase -filter {name =~ "ARM*#1" && jtag_cable_name =~ "Digilent Zybo Z7 210351B0FC9BA"} -index 0
con
----------------End of Script----------------

16:32:20 INFO  : Launch script is exported to file 'C:\Users\super\OneDrive\Desktop\Universita\aes\assignment_3\.sdk\launch_scripts\xilinx_c-c++_application_(system_debugger)\system_debugger_on_local.tcl'
16:36:13 INFO  : Disconnected from the channel tcfchan#12.
16:36:14 INFO  : Connected to target on host '127.0.0.1' and port '3121'.
16:36:14 INFO  : Jtag cable 'Digilent Zybo Z7 210351B0FC9BA' is selected.
16:36:14 INFO  : 'jtag frequency' command is executed.
16:36:14 INFO  : Sourcing of 'C:/Users/super/OneDrive/Desktop/Universita/aes/assignment_3/audio_lab.sdk/design_1_wrapper_hw_platform_1/ps7_init.tcl' is done.
16:36:14 INFO  : Context for 'APU' is selected.
16:36:14 INFO  : System reset is completed.
16:36:17 INFO  : 'after 3000' command is executed.
16:36:17 INFO  : 'targets -set -filter {jtag_cable_name =~ "Digilent Zybo Z7 210351B0FC9BA" && level==0} -index 1' command is executed.
16:36:19 INFO  : FPGA configured successfully with bitstream "C:/Users/super/OneDrive/Desktop/Universita/aes/assignment_3/audio_lab.sdk/design_1_wrapper_hw_platform_1/design_1_wrapper.bit"
16:36:19 INFO  : Context for 'APU' is selected.
16:36:20 INFO  : Hardware design information is loaded from 'C:/Users/super/OneDrive/Desktop/Universita/aes/assignment_3/audio_lab.sdk/design_1_wrapper_hw_platform_1/system.hdf'.
16:36:20 INFO  : 'configparams force-mem-access 1' command is executed.
16:36:20 INFO  : Context for 'APU' is selected.
16:36:20 INFO  : 'ps7_init' command is executed.
16:36:20 INFO  : 'ps7_post_config' command is executed.
16:36:20 INFO  : Context for processor 'ps7_cortexa9_0' is selected.
16:36:20 INFO  : The application 'C:/Users/super/OneDrive/Desktop/Universita/aes/assignment_3/master/Debug/master.elf' is downloaded to processor 'ps7_cortexa9_0'.
16:36:20 INFO  : Context for processor 'ps7_cortexa9_1' is selected.
16:36:20 INFO  : The application 'C:/Users/super/OneDrive/Desktop/Universita/aes/assignment_3/worker/Debug/worker.elf' is downloaded to processor 'ps7_cortexa9_1'.
16:36:20 INFO  : 'configparams force-mem-access 0' command is executed.
16:36:20 INFO  : ----------------XSDB Script----------------
connect -url tcp:127.0.0.1:3121
source C:/Users/super/OneDrive/Desktop/Universita/aes/assignment_3/audio_lab.sdk/design_1_wrapper_hw_platform_1/ps7_init.tcl
targets -set -nocase -filter {name =~"APU*" && jtag_cable_name =~ "Digilent Zybo Z7 210351B0FC9BA"} -index 0
rst -system
after 3000
targets -set -filter {jtag_cable_name =~ "Digilent Zybo Z7 210351B0FC9BA" && level==0} -index 1
fpga -file C:/Users/super/OneDrive/Desktop/Universita/aes/assignment_3/audio_lab.sdk/design_1_wrapper_hw_platform_1/design_1_wrapper.bit
targets -set -nocase -filter {name =~"APU*" && jtag_cable_name =~ "Digilent Zybo Z7 210351B0FC9BA"} -index 0
loadhw -hw C:/Users/super/OneDrive/Desktop/Universita/aes/assignment_3/audio_lab.sdk/design_1_wrapper_hw_platform_1/system.hdf -mem-ranges [list {0x40000000 0xbfffffff}]
configparams force-mem-access 1
targets -set -nocase -filter {name =~"APU*" && jtag_cable_name =~ "Digilent Zybo Z7 210351B0FC9BA"} -index 0
ps7_init
ps7_post_config
targets -set -nocase -filter {name =~ "ARM*#0" && jtag_cable_name =~ "Digilent Zybo Z7 210351B0FC9BA"} -index 0
dow C:/Users/super/OneDrive/Desktop/Universita/aes/assignment_3/master/Debug/master.elf
targets -set -nocase -filter {name =~ "ARM*#1" && jtag_cable_name =~ "Digilent Zybo Z7 210351B0FC9BA"} -index 0
dow C:/Users/super/OneDrive/Desktop/Universita/aes/assignment_3/worker/Debug/worker.elf
configparams force-mem-access 0
----------------End of Script----------------

16:36:20 INFO  : Memory regions updated for context APU
16:36:20 INFO  : Context for processor 'ps7_cortexa9_0' is selected.
16:36:20 INFO  : 'con' command is executed.
16:36:20 INFO  : Context for processor 'ps7_cortexa9_1' is selected.
16:36:20 INFO  : 'con' command is executed.
16:36:20 INFO  : ----------------XSDB Script (After Launch)----------------
targets -set -nocase -filter {name =~ "ARM*#0" && jtag_cable_name =~ "Digilent Zybo Z7 210351B0FC9BA"} -index 0
con
targets -set -nocase -filter {name =~ "ARM*#1" && jtag_cable_name =~ "Digilent Zybo Z7 210351B0FC9BA"} -index 0
con
----------------End of Script----------------

16:36:20 INFO  : Launch script is exported to file 'C:\Users\super\OneDrive\Desktop\Universita\aes\assignment_3\.sdk\launch_scripts\xilinx_c-c++_application_(system_debugger)\system_debugger_on_local.tcl'
20:18:14 INFO  : Disconnected from the channel tcfchan#13.
20:18:15 INFO  : Connected to target on host '127.0.0.1' and port '3121'.
20:18:15 INFO  : Jtag cable 'Digilent Zybo Z7 210351B0FC9BA' is selected.
20:18:15 INFO  : 'jtag frequency' command is executed.
20:18:15 INFO  : Sourcing of 'C:/Users/super/OneDrive/Desktop/Universita/aes/assignment_3/audio_lab.sdk/design_1_wrapper_hw_platform_1/ps7_init.tcl' is done.
20:18:15 INFO  : Context for 'APU' is selected.
20:18:15 INFO  : System reset is completed.
20:18:18 INFO  : 'after 3000' command is executed.
20:18:18 INFO  : 'targets -set -filter {jtag_cable_name =~ "Digilent Zybo Z7 210351B0FC9BA" && level==0} -index 1' command is executed.
20:18:19 INFO  : FPGA configured successfully with bitstream "C:/Users/super/OneDrive/Desktop/Universita/aes/assignment_3/audio_lab.sdk/design_1_wrapper_hw_platform_1/design_1_wrapper.bit"
20:18:19 INFO  : Context for 'APU' is selected.
20:18:20 INFO  : Hardware design information is loaded from 'C:/Users/super/OneDrive/Desktop/Universita/aes/assignment_3/audio_lab.sdk/design_1_wrapper_hw_platform_1/system.hdf'.
20:18:20 INFO  : 'configparams force-mem-access 1' command is executed.
20:18:20 INFO  : Context for 'APU' is selected.
20:18:21 INFO  : 'ps7_init' command is executed.
20:18:21 INFO  : 'ps7_post_config' command is executed.
20:18:21 INFO  : Context for processor 'ps7_cortexa9_0' is selected.
20:18:21 INFO  : The application 'C:/Users/super/OneDrive/Desktop/Universita/aes/assignment_3/master/Debug/master.elf' is downloaded to processor 'ps7_cortexa9_0'.
20:18:21 INFO  : Context for processor 'ps7_cortexa9_1' is selected.
20:18:21 INFO  : The application 'C:/Users/super/OneDrive/Desktop/Universita/aes/assignment_3/worker/Debug/worker.elf' is downloaded to processor 'ps7_cortexa9_1'.
20:18:21 INFO  : 'configparams force-mem-access 0' command is executed.
20:18:21 INFO  : ----------------XSDB Script----------------
connect -url tcp:127.0.0.1:3121
source C:/Users/super/OneDrive/Desktop/Universita/aes/assignment_3/audio_lab.sdk/design_1_wrapper_hw_platform_1/ps7_init.tcl
targets -set -nocase -filter {name =~"APU*" && jtag_cable_name =~ "Digilent Zybo Z7 210351B0FC9BA"} -index 0
rst -system
after 3000
targets -set -filter {jtag_cable_name =~ "Digilent Zybo Z7 210351B0FC9BA" && level==0} -index 1
fpga -file C:/Users/super/OneDrive/Desktop/Universita/aes/assignment_3/audio_lab.sdk/design_1_wrapper_hw_platform_1/design_1_wrapper.bit
targets -set -nocase -filter {name =~"APU*" && jtag_cable_name =~ "Digilent Zybo Z7 210351B0FC9BA"} -index 0
loadhw -hw C:/Users/super/OneDrive/Desktop/Universita/aes/assignment_3/audio_lab.sdk/design_1_wrapper_hw_platform_1/system.hdf -mem-ranges [list {0x40000000 0xbfffffff}]
configparams force-mem-access 1
targets -set -nocase -filter {name =~"APU*" && jtag_cable_name =~ "Digilent Zybo Z7 210351B0FC9BA"} -index 0
ps7_init
ps7_post_config
targets -set -nocase -filter {name =~ "ARM*#0" && jtag_cable_name =~ "Digilent Zybo Z7 210351B0FC9BA"} -index 0
dow C:/Users/super/OneDrive/Desktop/Universita/aes/assignment_3/master/Debug/master.elf
targets -set -nocase -filter {name =~ "ARM*#1" && jtag_cable_name =~ "Digilent Zybo Z7 210351B0FC9BA"} -index 0
dow C:/Users/super/OneDrive/Desktop/Universita/aes/assignment_3/worker/Debug/worker.elf
configparams force-mem-access 0
----------------End of Script----------------

20:18:21 INFO  : Memory regions updated for context APU
20:18:21 INFO  : Context for processor 'ps7_cortexa9_0' is selected.
20:18:21 INFO  : 'con' command is executed.
20:18:21 INFO  : Context for processor 'ps7_cortexa9_1' is selected.
20:18:21 INFO  : 'con' command is executed.
20:18:21 INFO  : ----------------XSDB Script (After Launch)----------------
targets -set -nocase -filter {name =~ "ARM*#0" && jtag_cable_name =~ "Digilent Zybo Z7 210351B0FC9BA"} -index 0
con
targets -set -nocase -filter {name =~ "ARM*#1" && jtag_cable_name =~ "Digilent Zybo Z7 210351B0FC9BA"} -index 0
con
----------------End of Script----------------

20:18:21 INFO  : Launch script is exported to file 'C:\Users\super\OneDrive\Desktop\Universita\aes\assignment_3\.sdk\launch_scripts\xilinx_c-c++_application_(system_debugger)\system_debugger_on_local.tcl'
20:23:01 INFO  : Disconnected from the channel tcfchan#14.
20:23:02 INFO  : Connected to target on host '127.0.0.1' and port '3121'.
20:23:03 INFO  : Jtag cable 'Digilent Zybo Z7 210351B0FC9BA' is selected.
20:23:03 INFO  : 'jtag frequency' command is executed.
20:23:03 INFO  : Sourcing of 'C:/Users/super/OneDrive/Desktop/Universita/aes/assignment_3/audio_lab.sdk/design_1_wrapper_hw_platform_1/ps7_init.tcl' is done.
20:23:03 INFO  : Context for 'APU' is selected.
20:23:03 INFO  : System reset is completed.
20:23:06 INFO  : 'after 3000' command is executed.
20:23:06 INFO  : 'targets -set -filter {jtag_cable_name =~ "Digilent Zybo Z7 210351B0FC9BA" && level==0} -index 1' command is executed.
20:23:07 INFO  : FPGA configured successfully with bitstream "C:/Users/super/OneDrive/Desktop/Universita/aes/assignment_3/audio_lab.sdk/design_1_wrapper_hw_platform_1/design_1_wrapper.bit"
20:23:07 INFO  : Context for 'APU' is selected.
20:23:08 INFO  : Hardware design information is loaded from 'C:/Users/super/OneDrive/Desktop/Universita/aes/assignment_3/audio_lab.sdk/design_1_wrapper_hw_platform_1/system.hdf'.
20:23:08 INFO  : 'configparams force-mem-access 1' command is executed.
20:23:08 INFO  : Context for 'APU' is selected.
20:23:08 INFO  : 'ps7_init' command is executed.
20:23:08 INFO  : 'ps7_post_config' command is executed.
20:23:08 INFO  : Context for processor 'ps7_cortexa9_0' is selected.
20:23:08 INFO  : The application 'C:/Users/super/OneDrive/Desktop/Universita/aes/assignment_3/master/Debug/master.elf' is downloaded to processor 'ps7_cortexa9_0'.
20:23:08 INFO  : Context for processor 'ps7_cortexa9_1' is selected.
20:23:08 INFO  : The application 'C:/Users/super/OneDrive/Desktop/Universita/aes/assignment_3/worker/Debug/worker.elf' is downloaded to processor 'ps7_cortexa9_1'.
20:23:09 INFO  : 'configparams force-mem-access 0' command is executed.
20:23:09 INFO  : ----------------XSDB Script----------------
connect -url tcp:127.0.0.1:3121
source C:/Users/super/OneDrive/Desktop/Universita/aes/assignment_3/audio_lab.sdk/design_1_wrapper_hw_platform_1/ps7_init.tcl
targets -set -nocase -filter {name =~"APU*" && jtag_cable_name =~ "Digilent Zybo Z7 210351B0FC9BA"} -index 0
rst -system
after 3000
targets -set -filter {jtag_cable_name =~ "Digilent Zybo Z7 210351B0FC9BA" && level==0} -index 1
fpga -file C:/Users/super/OneDrive/Desktop/Universita/aes/assignment_3/audio_lab.sdk/design_1_wrapper_hw_platform_1/design_1_wrapper.bit
targets -set -nocase -filter {name =~"APU*" && jtag_cable_name =~ "Digilent Zybo Z7 210351B0FC9BA"} -index 0
loadhw -hw C:/Users/super/OneDrive/Desktop/Universita/aes/assignment_3/audio_lab.sdk/design_1_wrapper_hw_platform_1/system.hdf -mem-ranges [list {0x40000000 0xbfffffff}]
configparams force-mem-access 1
targets -set -nocase -filter {name =~"APU*" && jtag_cable_name =~ "Digilent Zybo Z7 210351B0FC9BA"} -index 0
ps7_init
ps7_post_config
targets -set -nocase -filter {name =~ "ARM*#0" && jtag_cable_name =~ "Digilent Zybo Z7 210351B0FC9BA"} -index 0
dow C:/Users/super/OneDrive/Desktop/Universita/aes/assignment_3/master/Debug/master.elf
targets -set -nocase -filter {name =~ "ARM*#1" && jtag_cable_name =~ "Digilent Zybo Z7 210351B0FC9BA"} -index 0
dow C:/Users/super/OneDrive/Desktop/Universita/aes/assignment_3/worker/Debug/worker.elf
configparams force-mem-access 0
----------------End of Script----------------

20:23:09 INFO  : Memory regions updated for context APU
20:23:09 INFO  : Context for processor 'ps7_cortexa9_0' is selected.
20:23:09 INFO  : 'con' command is executed.
20:23:09 INFO  : Context for processor 'ps7_cortexa9_1' is selected.
20:23:09 INFO  : 'con' command is executed.
20:23:09 INFO  : ----------------XSDB Script (After Launch)----------------
targets -set -nocase -filter {name =~ "ARM*#0" && jtag_cable_name =~ "Digilent Zybo Z7 210351B0FC9BA"} -index 0
con
targets -set -nocase -filter {name =~ "ARM*#1" && jtag_cable_name =~ "Digilent Zybo Z7 210351B0FC9BA"} -index 0
con
----------------End of Script----------------

20:23:09 INFO  : Launch script is exported to file 'C:\Users\super\OneDrive\Desktop\Universita\aes\assignment_3\.sdk\launch_scripts\xilinx_c-c++_application_(system_debugger)\system_debugger_on_local.tcl'
20:44:38 INFO  : Disconnected from the channel tcfchan#15.
20:44:39 INFO  : Connected to target on host '127.0.0.1' and port '3121'.
20:44:40 INFO  : Jtag cable 'Digilent Zybo Z7 210351B0FC9BA' is selected.
20:44:40 INFO  : 'jtag frequency' command is executed.
20:44:40 INFO  : Sourcing of 'C:/Users/super/OneDrive/Desktop/Universita/aes/assignment_3/audio_lab.sdk/design_1_wrapper_hw_platform_1/ps7_init.tcl' is done.
20:44:40 INFO  : Context for 'APU' is selected.
20:44:40 INFO  : System reset is completed.
20:44:43 INFO  : 'after 3000' command is executed.
20:44:43 INFO  : 'targets -set -filter {jtag_cable_name =~ "Digilent Zybo Z7 210351B0FC9BA" && level==0} -index 1' command is executed.
20:44:44 INFO  : FPGA configured successfully with bitstream "C:/Users/super/OneDrive/Desktop/Universita/aes/assignment_3/audio_lab.sdk/design_1_wrapper_hw_platform_1/design_1_wrapper.bit"
20:44:44 INFO  : Context for 'APU' is selected.
20:44:45 INFO  : Hardware design information is loaded from 'C:/Users/super/OneDrive/Desktop/Universita/aes/assignment_3/audio_lab.sdk/design_1_wrapper_hw_platform_1/system.hdf'.
20:44:45 INFO  : 'configparams force-mem-access 1' command is executed.
20:44:45 INFO  : Context for 'APU' is selected.
20:44:45 INFO  : 'ps7_init' command is executed.
20:44:45 INFO  : 'ps7_post_config' command is executed.
20:44:45 INFO  : Context for processor 'ps7_cortexa9_0' is selected.
20:44:45 INFO  : The application 'C:/Users/super/OneDrive/Desktop/Universita/aes/assignment_3/master/Debug/master.elf' is downloaded to processor 'ps7_cortexa9_0'.
20:44:45 INFO  : Context for processor 'ps7_cortexa9_1' is selected.
20:44:45 INFO  : The application 'C:/Users/super/OneDrive/Desktop/Universita/aes/assignment_3/worker/Debug/worker.elf' is downloaded to processor 'ps7_cortexa9_1'.
20:44:45 INFO  : 'configparams force-mem-access 0' command is executed.
20:44:45 INFO  : ----------------XSDB Script----------------
connect -url tcp:127.0.0.1:3121
source C:/Users/super/OneDrive/Desktop/Universita/aes/assignment_3/audio_lab.sdk/design_1_wrapper_hw_platform_1/ps7_init.tcl
targets -set -nocase -filter {name =~"APU*" && jtag_cable_name =~ "Digilent Zybo Z7 210351B0FC9BA"} -index 0
rst -system
after 3000
targets -set -filter {jtag_cable_name =~ "Digilent Zybo Z7 210351B0FC9BA" && level==0} -index 1
fpga -file C:/Users/super/OneDrive/Desktop/Universita/aes/assignment_3/audio_lab.sdk/design_1_wrapper_hw_platform_1/design_1_wrapper.bit
targets -set -nocase -filter {name =~"APU*" && jtag_cable_name =~ "Digilent Zybo Z7 210351B0FC9BA"} -index 0
loadhw -hw C:/Users/super/OneDrive/Desktop/Universita/aes/assignment_3/audio_lab.sdk/design_1_wrapper_hw_platform_1/system.hdf -mem-ranges [list {0x40000000 0xbfffffff}]
configparams force-mem-access 1
targets -set -nocase -filter {name =~"APU*" && jtag_cable_name =~ "Digilent Zybo Z7 210351B0FC9BA"} -index 0
ps7_init
ps7_post_config
targets -set -nocase -filter {name =~ "ARM*#0" && jtag_cable_name =~ "Digilent Zybo Z7 210351B0FC9BA"} -index 0
dow C:/Users/super/OneDrive/Desktop/Universita/aes/assignment_3/master/Debug/master.elf
targets -set -nocase -filter {name =~ "ARM*#1" && jtag_cable_name =~ "Digilent Zybo Z7 210351B0FC9BA"} -index 0
dow C:/Users/super/OneDrive/Desktop/Universita/aes/assignment_3/worker/Debug/worker.elf
configparams force-mem-access 0
----------------End of Script----------------

20:44:46 INFO  : Memory regions updated for context APU
20:44:46 INFO  : Context for processor 'ps7_cortexa9_0' is selected.
20:44:46 INFO  : 'con' command is executed.
20:44:46 INFO  : Context for processor 'ps7_cortexa9_1' is selected.
20:44:46 INFO  : 'con' command is executed.
20:44:46 INFO  : ----------------XSDB Script (After Launch)----------------
targets -set -nocase -filter {name =~ "ARM*#0" && jtag_cable_name =~ "Digilent Zybo Z7 210351B0FC9BA"} -index 0
con
targets -set -nocase -filter {name =~ "ARM*#1" && jtag_cable_name =~ "Digilent Zybo Z7 210351B0FC9BA"} -index 0
con
----------------End of Script----------------

20:44:46 INFO  : Launch script is exported to file 'C:\Users\super\OneDrive\Desktop\Universita\aes\assignment_3\.sdk\launch_scripts\xilinx_c-c++_application_(system_debugger)\system_debugger_on_local.tcl'
20:45:15 INFO  : Disconnected from the channel tcfchan#16.
20:45:16 INFO  : Connected to target on host '127.0.0.1' and port '3121'.
20:45:16 INFO  : Jtag cable 'Digilent Zybo Z7 210351B0FC9BA' is selected.
20:45:16 INFO  : 'jtag frequency' command is executed.
20:45:16 INFO  : Sourcing of 'C:/Users/super/OneDrive/Desktop/Universita/aes/assignment_3/audio_lab.sdk/design_1_wrapper_hw_platform_1/ps7_init.tcl' is done.
20:45:16 INFO  : Context for 'APU' is selected.
20:45:17 INFO  : System reset is completed.
20:45:20 INFO  : 'after 3000' command is executed.
20:45:20 INFO  : 'targets -set -filter {jtag_cable_name =~ "Digilent Zybo Z7 210351B0FC9BA" && level==0} -index 1' command is executed.
20:45:21 INFO  : FPGA configured successfully with bitstream "C:/Users/super/OneDrive/Desktop/Universita/aes/assignment_3/audio_lab.sdk/design_1_wrapper_hw_platform_1/design_1_wrapper.bit"
20:45:21 INFO  : Context for 'APU' is selected.
20:45:22 INFO  : Hardware design information is loaded from 'C:/Users/super/OneDrive/Desktop/Universita/aes/assignment_3/audio_lab.sdk/design_1_wrapper_hw_platform_1/system.hdf'.
20:45:22 INFO  : 'configparams force-mem-access 1' command is executed.
20:45:22 INFO  : Context for 'APU' is selected.
20:45:22 INFO  : 'ps7_init' command is executed.
20:45:22 INFO  : 'ps7_post_config' command is executed.
20:45:22 INFO  : Context for processor 'ps7_cortexa9_0' is selected.
20:45:22 INFO  : The application 'C:/Users/super/OneDrive/Desktop/Universita/aes/assignment_3/master/Debug/master.elf' is downloaded to processor 'ps7_cortexa9_0'.
20:45:22 INFO  : Context for processor 'ps7_cortexa9_1' is selected.
20:45:22 INFO  : The application 'C:/Users/super/OneDrive/Desktop/Universita/aes/assignment_3/worker/Debug/worker.elf' is downloaded to processor 'ps7_cortexa9_1'.
20:45:22 INFO  : 'configparams force-mem-access 0' command is executed.
20:45:22 INFO  : ----------------XSDB Script----------------
connect -url tcp:127.0.0.1:3121
source C:/Users/super/OneDrive/Desktop/Universita/aes/assignment_3/audio_lab.sdk/design_1_wrapper_hw_platform_1/ps7_init.tcl
targets -set -nocase -filter {name =~"APU*" && jtag_cable_name =~ "Digilent Zybo Z7 210351B0FC9BA"} -index 0
rst -system
after 3000
targets -set -filter {jtag_cable_name =~ "Digilent Zybo Z7 210351B0FC9BA" && level==0} -index 1
fpga -file C:/Users/super/OneDrive/Desktop/Universita/aes/assignment_3/audio_lab.sdk/design_1_wrapper_hw_platform_1/design_1_wrapper.bit
targets -set -nocase -filter {name =~"APU*" && jtag_cable_name =~ "Digilent Zybo Z7 210351B0FC9BA"} -index 0
loadhw -hw C:/Users/super/OneDrive/Desktop/Universita/aes/assignment_3/audio_lab.sdk/design_1_wrapper_hw_platform_1/system.hdf -mem-ranges [list {0x40000000 0xbfffffff}]
configparams force-mem-access 1
targets -set -nocase -filter {name =~"APU*" && jtag_cable_name =~ "Digilent Zybo Z7 210351B0FC9BA"} -index 0
ps7_init
ps7_post_config
targets -set -nocase -filter {name =~ "ARM*#0" && jtag_cable_name =~ "Digilent Zybo Z7 210351B0FC9BA"} -index 0
dow C:/Users/super/OneDrive/Desktop/Universita/aes/assignment_3/master/Debug/master.elf
targets -set -nocase -filter {name =~ "ARM*#1" && jtag_cable_name =~ "Digilent Zybo Z7 210351B0FC9BA"} -index 0
dow C:/Users/super/OneDrive/Desktop/Universita/aes/assignment_3/worker/Debug/worker.elf
configparams force-mem-access 0
----------------End of Script----------------

20:45:22 INFO  : Memory regions updated for context APU
20:45:22 INFO  : Context for processor 'ps7_cortexa9_0' is selected.
20:45:22 INFO  : 'con' command is executed.
20:45:22 INFO  : Context for processor 'ps7_cortexa9_1' is selected.
20:45:22 INFO  : 'con' command is executed.
20:45:22 INFO  : ----------------XSDB Script (After Launch)----------------
targets -set -nocase -filter {name =~ "ARM*#0" && jtag_cable_name =~ "Digilent Zybo Z7 210351B0FC9BA"} -index 0
con
targets -set -nocase -filter {name =~ "ARM*#1" && jtag_cable_name =~ "Digilent Zybo Z7 210351B0FC9BA"} -index 0
con
----------------End of Script----------------

20:45:22 INFO  : Launch script is exported to file 'C:\Users\super\OneDrive\Desktop\Universita\aes\assignment_3\.sdk\launch_scripts\xilinx_c-c++_application_(system_debugger)\system_debugger_on_local.tcl'
20:45:33 INFO  : Disconnected from the channel tcfchan#17.
20:45:34 INFO  : Connected to target on host '127.0.0.1' and port '3121'.
20:45:34 INFO  : Jtag cable 'Digilent Zybo Z7 210351B0FC9BA' is selected.
20:45:34 INFO  : 'jtag frequency' command is executed.
20:45:34 INFO  : Sourcing of 'C:/Users/super/OneDrive/Desktop/Universita/aes/assignment_3/audio_lab.sdk/design_1_wrapper_hw_platform_1/ps7_init.tcl' is done.
20:45:34 INFO  : Context for 'APU' is selected.
20:45:35 INFO  : System reset is completed.
20:45:38 INFO  : 'after 3000' command is executed.
20:45:38 INFO  : 'targets -set -filter {jtag_cable_name =~ "Digilent Zybo Z7 210351B0FC9BA" && level==0} -index 1' command is executed.
20:45:39 INFO  : FPGA configured successfully with bitstream "C:/Users/super/OneDrive/Desktop/Universita/aes/assignment_3/audio_lab.sdk/design_1_wrapper_hw_platform_1/design_1_wrapper.bit"
20:45:39 INFO  : Context for 'APU' is selected.
20:45:40 INFO  : Hardware design information is loaded from 'C:/Users/super/OneDrive/Desktop/Universita/aes/assignment_3/audio_lab.sdk/design_1_wrapper_hw_platform_1/system.hdf'.
20:45:40 INFO  : 'configparams force-mem-access 1' command is executed.
20:45:40 INFO  : Context for 'APU' is selected.
20:45:40 INFO  : 'ps7_init' command is executed.
20:45:40 INFO  : 'ps7_post_config' command is executed.
20:45:40 INFO  : Context for processor 'ps7_cortexa9_0' is selected.
20:45:40 INFO  : The application 'C:/Users/super/OneDrive/Desktop/Universita/aes/assignment_3/master/Debug/master.elf' is downloaded to processor 'ps7_cortexa9_0'.
20:45:40 INFO  : Context for processor 'ps7_cortexa9_1' is selected.
20:45:40 INFO  : The application 'C:/Users/super/OneDrive/Desktop/Universita/aes/assignment_3/worker/Debug/worker.elf' is downloaded to processor 'ps7_cortexa9_1'.
20:45:40 INFO  : 'configparams force-mem-access 0' command is executed.
20:45:40 INFO  : ----------------XSDB Script----------------
connect -url tcp:127.0.0.1:3121
source C:/Users/super/OneDrive/Desktop/Universita/aes/assignment_3/audio_lab.sdk/design_1_wrapper_hw_platform_1/ps7_init.tcl
targets -set -nocase -filter {name =~"APU*" && jtag_cable_name =~ "Digilent Zybo Z7 210351B0FC9BA"} -index 0
rst -system
after 3000
targets -set -filter {jtag_cable_name =~ "Digilent Zybo Z7 210351B0FC9BA" && level==0} -index 1
fpga -file C:/Users/super/OneDrive/Desktop/Universita/aes/assignment_3/audio_lab.sdk/design_1_wrapper_hw_platform_1/design_1_wrapper.bit
targets -set -nocase -filter {name =~"APU*" && jtag_cable_name =~ "Digilent Zybo Z7 210351B0FC9BA"} -index 0
loadhw -hw C:/Users/super/OneDrive/Desktop/Universita/aes/assignment_3/audio_lab.sdk/design_1_wrapper_hw_platform_1/system.hdf -mem-ranges [list {0x40000000 0xbfffffff}]
configparams force-mem-access 1
targets -set -nocase -filter {name =~"APU*" && jtag_cable_name =~ "Digilent Zybo Z7 210351B0FC9BA"} -index 0
ps7_init
ps7_post_config
targets -set -nocase -filter {name =~ "ARM*#0" && jtag_cable_name =~ "Digilent Zybo Z7 210351B0FC9BA"} -index 0
dow C:/Users/super/OneDrive/Desktop/Universita/aes/assignment_3/master/Debug/master.elf
targets -set -nocase -filter {name =~ "ARM*#1" && jtag_cable_name =~ "Digilent Zybo Z7 210351B0FC9BA"} -index 0
dow C:/Users/super/OneDrive/Desktop/Universita/aes/assignment_3/worker/Debug/worker.elf
configparams force-mem-access 0
----------------End of Script----------------

20:45:41 INFO  : Memory regions updated for context APU
20:45:41 INFO  : Context for processor 'ps7_cortexa9_0' is selected.
20:45:41 INFO  : 'con' command is executed.
20:45:41 INFO  : Context for processor 'ps7_cortexa9_1' is selected.
20:45:41 INFO  : 'con' command is executed.
20:45:41 INFO  : ----------------XSDB Script (After Launch)----------------
targets -set -nocase -filter {name =~ "ARM*#0" && jtag_cable_name =~ "Digilent Zybo Z7 210351B0FC9BA"} -index 0
con
targets -set -nocase -filter {name =~ "ARM*#1" && jtag_cable_name =~ "Digilent Zybo Z7 210351B0FC9BA"} -index 0
con
----------------End of Script----------------

20:45:41 INFO  : Launch script is exported to file 'C:\Users\super\OneDrive\Desktop\Universita\aes\assignment_3\.sdk\launch_scripts\xilinx_c-c++_application_(system_debugger)\system_debugger_on_local.tcl'
15:49:29 INFO  : Disconnected from the channel tcfchan#18.
15:49:30 INFO  : Connected to target on host '127.0.0.1' and port '3121'.
15:49:30 INFO  : Jtag cable 'Digilent Zybo Z7 210351B0FC9BA' is selected.
15:49:30 INFO  : 'jtag frequency' command is executed.
15:49:30 INFO  : Sourcing of 'C:/Users/super/OneDrive/Desktop/Universita/aes/assignment_3/audio_lab.sdk/design_1_wrapper_hw_platform_1/ps7_init.tcl' is done.
15:49:30 INFO  : Context for 'APU' is selected.
15:49:30 INFO  : System reset is completed.
15:49:33 INFO  : 'after 3000' command is executed.
15:49:33 INFO  : 'targets -set -filter {jtag_cable_name =~ "Digilent Zybo Z7 210351B0FC9BA" && level==0} -index 1' command is executed.
15:49:34 INFO  : FPGA configured successfully with bitstream "C:/Users/super/OneDrive/Desktop/Universita/aes/assignment_3/audio_lab.sdk/design_1_wrapper_hw_platform_1/design_1_wrapper.bit"
15:49:34 INFO  : Context for 'APU' is selected.
15:49:36 INFO  : Hardware design information is loaded from 'C:/Users/super/OneDrive/Desktop/Universita/aes/assignment_3/audio_lab.sdk/design_1_wrapper_hw_platform_1/system.hdf'.
15:49:36 INFO  : 'configparams force-mem-access 1' command is executed.
15:49:36 INFO  : Context for 'APU' is selected.
15:49:36 INFO  : 'ps7_init' command is executed.
15:49:36 INFO  : 'ps7_post_config' command is executed.
15:49:36 INFO  : Context for processor 'ps7_cortexa9_0' is selected.
15:49:36 INFO  : The application 'C:/Users/super/OneDrive/Desktop/Universita/aes/assignment_3/master/Debug/master.elf' is downloaded to processor 'ps7_cortexa9_0'.
15:49:36 INFO  : Context for processor 'ps7_cortexa9_1' is selected.
15:49:36 INFO  : The application 'C:/Users/super/OneDrive/Desktop/Universita/aes/assignment_3/worker/Debug/worker.elf' is downloaded to processor 'ps7_cortexa9_1'.
15:49:36 INFO  : 'configparams force-mem-access 0' command is executed.
15:49:36 INFO  : ----------------XSDB Script----------------
connect -url tcp:127.0.0.1:3121
source C:/Users/super/OneDrive/Desktop/Universita/aes/assignment_3/audio_lab.sdk/design_1_wrapper_hw_platform_1/ps7_init.tcl
targets -set -nocase -filter {name =~"APU*" && jtag_cable_name =~ "Digilent Zybo Z7 210351B0FC9BA"} -index 0
rst -system
after 3000
targets -set -filter {jtag_cable_name =~ "Digilent Zybo Z7 210351B0FC9BA" && level==0} -index 1
fpga -file C:/Users/super/OneDrive/Desktop/Universita/aes/assignment_3/audio_lab.sdk/design_1_wrapper_hw_platform_1/design_1_wrapper.bit
targets -set -nocase -filter {name =~"APU*" && jtag_cable_name =~ "Digilent Zybo Z7 210351B0FC9BA"} -index 0
loadhw -hw C:/Users/super/OneDrive/Desktop/Universita/aes/assignment_3/audio_lab.sdk/design_1_wrapper_hw_platform_1/system.hdf -mem-ranges [list {0x40000000 0xbfffffff}]
configparams force-mem-access 1
targets -set -nocase -filter {name =~"APU*" && jtag_cable_name =~ "Digilent Zybo Z7 210351B0FC9BA"} -index 0
ps7_init
ps7_post_config
targets -set -nocase -filter {name =~ "ARM*#0" && jtag_cable_name =~ "Digilent Zybo Z7 210351B0FC9BA"} -index 0
dow C:/Users/super/OneDrive/Desktop/Universita/aes/assignment_3/master/Debug/master.elf
targets -set -nocase -filter {name =~ "ARM*#1" && jtag_cable_name =~ "Digilent Zybo Z7 210351B0FC9BA"} -index 0
dow C:/Users/super/OneDrive/Desktop/Universita/aes/assignment_3/worker/Debug/worker.elf
configparams force-mem-access 0
----------------End of Script----------------

15:49:36 INFO  : Memory regions updated for context APU
15:49:36 INFO  : Context for processor 'ps7_cortexa9_0' is selected.
15:49:36 INFO  : 'con' command is executed.
15:49:36 INFO  : Context for processor 'ps7_cortexa9_1' is selected.
15:49:36 INFO  : 'con' command is executed.
15:49:36 INFO  : ----------------XSDB Script (After Launch)----------------
targets -set -nocase -filter {name =~ "ARM*#0" && jtag_cable_name =~ "Digilent Zybo Z7 210351B0FC9BA"} -index 0
con
targets -set -nocase -filter {name =~ "ARM*#1" && jtag_cable_name =~ "Digilent Zybo Z7 210351B0FC9BA"} -index 0
con
----------------End of Script----------------

15:49:36 INFO  : Launch script is exported to file 'C:\Users\super\OneDrive\Desktop\Universita\aes\assignment_3\.sdk\launch_scripts\xilinx_c-c++_application_(system_debugger)\system_debugger_on_local.tcl'
15:49:55 INFO  : Disconnected from the channel tcfchan#19.
15:49:56 INFO  : Connected to target on host '127.0.0.1' and port '3121'.
15:49:56 INFO  : Jtag cable 'Digilent Zybo Z7 210351B0FC9BA' is selected.
15:49:56 INFO  : 'jtag frequency' command is executed.
15:49:56 INFO  : Sourcing of 'C:/Users/super/OneDrive/Desktop/Universita/aes/assignment_3/audio_lab.sdk/design_1_wrapper_hw_platform_1/ps7_init.tcl' is done.
15:49:56 INFO  : Context for 'APU' is selected.
15:49:56 INFO  : System reset is completed.
15:49:59 INFO  : 'after 3000' command is executed.
15:49:59 INFO  : 'targets -set -filter {jtag_cable_name =~ "Digilent Zybo Z7 210351B0FC9BA" && level==0} -index 1' command is executed.
15:50:01 INFO  : FPGA configured successfully with bitstream "C:/Users/super/OneDrive/Desktop/Universita/aes/assignment_3/audio_lab.sdk/design_1_wrapper_hw_platform_1/design_1_wrapper.bit"
15:50:01 INFO  : Context for 'APU' is selected.
15:50:02 INFO  : Hardware design information is loaded from 'C:/Users/super/OneDrive/Desktop/Universita/aes/assignment_3/audio_lab.sdk/design_1_wrapper_hw_platform_1/system.hdf'.
15:50:02 INFO  : 'configparams force-mem-access 1' command is executed.
15:50:02 INFO  : Context for 'APU' is selected.
15:50:02 INFO  : 'ps7_init' command is executed.
15:50:02 INFO  : 'ps7_post_config' command is executed.
15:50:02 INFO  : Context for processor 'ps7_cortexa9_0' is selected.
15:50:02 INFO  : The application 'C:/Users/super/OneDrive/Desktop/Universita/aes/assignment_3/master/Debug/master.elf' is downloaded to processor 'ps7_cortexa9_0'.
15:50:02 INFO  : Context for processor 'ps7_cortexa9_1' is selected.
15:50:02 INFO  : The application 'C:/Users/super/OneDrive/Desktop/Universita/aes/assignment_3/worker/Debug/worker.elf' is downloaded to processor 'ps7_cortexa9_1'.
15:50:02 INFO  : 'configparams force-mem-access 0' command is executed.
15:50:02 INFO  : ----------------XSDB Script----------------
connect -url tcp:127.0.0.1:3121
source C:/Users/super/OneDrive/Desktop/Universita/aes/assignment_3/audio_lab.sdk/design_1_wrapper_hw_platform_1/ps7_init.tcl
targets -set -nocase -filter {name =~"APU*" && jtag_cable_name =~ "Digilent Zybo Z7 210351B0FC9BA"} -index 0
rst -system
after 3000
targets -set -filter {jtag_cable_name =~ "Digilent Zybo Z7 210351B0FC9BA" && level==0} -index 1
fpga -file C:/Users/super/OneDrive/Desktop/Universita/aes/assignment_3/audio_lab.sdk/design_1_wrapper_hw_platform_1/design_1_wrapper.bit
targets -set -nocase -filter {name =~"APU*" && jtag_cable_name =~ "Digilent Zybo Z7 210351B0FC9BA"} -index 0
loadhw -hw C:/Users/super/OneDrive/Desktop/Universita/aes/assignment_3/audio_lab.sdk/design_1_wrapper_hw_platform_1/system.hdf -mem-ranges [list {0x40000000 0xbfffffff}]
configparams force-mem-access 1
targets -set -nocase -filter {name =~"APU*" && jtag_cable_name =~ "Digilent Zybo Z7 210351B0FC9BA"} -index 0
ps7_init
ps7_post_config
targets -set -nocase -filter {name =~ "ARM*#0" && jtag_cable_name =~ "Digilent Zybo Z7 210351B0FC9BA"} -index 0
dow C:/Users/super/OneDrive/Desktop/Universita/aes/assignment_3/master/Debug/master.elf
targets -set -nocase -filter {name =~ "ARM*#1" && jtag_cable_name =~ "Digilent Zybo Z7 210351B0FC9BA"} -index 0
dow C:/Users/super/OneDrive/Desktop/Universita/aes/assignment_3/worker/Debug/worker.elf
configparams force-mem-access 0
----------------End of Script----------------

15:50:02 INFO  : Memory regions updated for context APU
15:50:02 INFO  : Context for processor 'ps7_cortexa9_0' is selected.
15:50:02 INFO  : 'con' command is executed.
15:50:02 INFO  : Context for processor 'ps7_cortexa9_1' is selected.
15:50:02 INFO  : 'con' command is executed.
15:50:02 INFO  : ----------------XSDB Script (After Launch)----------------
targets -set -nocase -filter {name =~ "ARM*#0" && jtag_cable_name =~ "Digilent Zybo Z7 210351B0FC9BA"} -index 0
con
targets -set -nocase -filter {name =~ "ARM*#1" && jtag_cable_name =~ "Digilent Zybo Z7 210351B0FC9BA"} -index 0
con
----------------End of Script----------------

15:50:02 INFO  : Launch script is exported to file 'C:\Users\super\OneDrive\Desktop\Universita\aes\assignment_3\.sdk\launch_scripts\xilinx_c-c++_application_(system_debugger)\system_debugger_on_local.tcl'
15:50:23 INFO  : Disconnected from the channel tcfchan#20.
15:50:51 INFO  : Connected to target on host '127.0.0.1' and port '3121'.
15:50:52 INFO  : Jtag cable 'Digilent Zybo Z7 210351B0FC9BA' is selected.
15:50:52 INFO  : 'jtag frequency' command is executed.
15:50:52 INFO  : Sourcing of 'C:/Users/super/OneDrive/Desktop/Universita/aes/assignment_3/audio_lab.sdk/design_1_wrapper_hw_platform_1/ps7_init.tcl' is done.
15:50:52 INFO  : Context for 'APU' is selected.
15:50:52 INFO  : System reset is completed.
15:50:55 INFO  : 'after 3000' command is executed.
15:50:55 INFO  : 'targets -set -filter {jtag_cable_name =~ "Digilent Zybo Z7 210351B0FC9BA" && level==0} -index 1' command is executed.
15:50:56 INFO  : FPGA configured successfully with bitstream "C:/Users/super/OneDrive/Desktop/Universita/aes/assignment_3/audio_lab.sdk/design_1_wrapper_hw_platform_1/design_1_wrapper.bit"
15:50:56 INFO  : Context for 'APU' is selected.
15:50:56 INFO  : Hardware design information is loaded from 'C:/Users/super/OneDrive/Desktop/Universita/aes/assignment_3/audio_lab.sdk/design_1_wrapper_hw_platform_1/system.hdf'.
15:50:56 INFO  : 'configparams force-mem-access 1' command is executed.
15:50:56 INFO  : Context for 'APU' is selected.
15:50:57 INFO  : 'ps7_init' command is executed.
15:50:57 INFO  : 'ps7_post_config' command is executed.
15:50:57 INFO  : Context for processor 'ps7_cortexa9_0' is selected.
15:50:57 INFO  : The application 'C:/Users/super/OneDrive/Desktop/Universita/aes/assignment_3/master/Debug/master.elf' is downloaded to processor 'ps7_cortexa9_0'.
15:50:57 INFO  : Context for processor 'ps7_cortexa9_1' is selected.
15:50:57 INFO  : The application 'C:/Users/super/OneDrive/Desktop/Universita/aes/assignment_3/worker/Debug/worker.elf' is downloaded to processor 'ps7_cortexa9_1'.
15:50:57 INFO  : 'configparams force-mem-access 0' command is executed.
15:50:57 INFO  : ----------------XSDB Script----------------
connect -url tcp:127.0.0.1:3121
source C:/Users/super/OneDrive/Desktop/Universita/aes/assignment_3/audio_lab.sdk/design_1_wrapper_hw_platform_1/ps7_init.tcl
targets -set -nocase -filter {name =~"APU*" && jtag_cable_name =~ "Digilent Zybo Z7 210351B0FC9BA"} -index 0
rst -system
after 3000
targets -set -filter {jtag_cable_name =~ "Digilent Zybo Z7 210351B0FC9BA" && level==0} -index 1
fpga -file C:/Users/super/OneDrive/Desktop/Universita/aes/assignment_3/audio_lab.sdk/design_1_wrapper_hw_platform_1/design_1_wrapper.bit
targets -set -nocase -filter {name =~"APU*" && jtag_cable_name =~ "Digilent Zybo Z7 210351B0FC9BA"} -index 0
loadhw -hw C:/Users/super/OneDrive/Desktop/Universita/aes/assignment_3/audio_lab.sdk/design_1_wrapper_hw_platform_1/system.hdf -mem-ranges [list {0x40000000 0xbfffffff}]
configparams force-mem-access 1
targets -set -nocase -filter {name =~"APU*" && jtag_cable_name =~ "Digilent Zybo Z7 210351B0FC9BA"} -index 0
ps7_init
ps7_post_config
targets -set -nocase -filter {name =~ "ARM*#0" && jtag_cable_name =~ "Digilent Zybo Z7 210351B0FC9BA"} -index 0
dow C:/Users/super/OneDrive/Desktop/Universita/aes/assignment_3/master/Debug/master.elf
targets -set -nocase -filter {name =~ "ARM*#1" && jtag_cable_name =~ "Digilent Zybo Z7 210351B0FC9BA"} -index 0
dow C:/Users/super/OneDrive/Desktop/Universita/aes/assignment_3/worker/Debug/worker.elf
configparams force-mem-access 0
----------------End of Script----------------

15:50:57 INFO  : Memory regions updated for context APU
15:50:57 INFO  : Context for processor 'ps7_cortexa9_0' is selected.
15:50:57 INFO  : 'con' command is executed.
15:50:57 INFO  : Context for processor 'ps7_cortexa9_1' is selected.
15:50:57 INFO  : 'con' command is executed.
15:50:57 INFO  : ----------------XSDB Script (After Launch)----------------
targets -set -nocase -filter {name =~ "ARM*#0" && jtag_cable_name =~ "Digilent Zybo Z7 210351B0FC9BA"} -index 0
con
targets -set -nocase -filter {name =~ "ARM*#1" && jtag_cable_name =~ "Digilent Zybo Z7 210351B0FC9BA"} -index 0
con
----------------End of Script----------------

15:50:57 INFO  : Launch script is exported to file 'C:\Users\super\OneDrive\Desktop\Universita\aes\assignment_3\.sdk\launch_scripts\xilinx_c-c++_application_(system_debugger)\system_debugger_on_local.tcl'
15:51:17 INFO  : Disconnected from the channel tcfchan#21.
15:51:19 INFO  : Connected to target on host '127.0.0.1' and port '3121'.
15:51:19 INFO  : Jtag cable 'Digilent Zybo Z7 210351B0FC9BA' is selected.
15:51:19 INFO  : 'jtag frequency' command is executed.
15:51:19 INFO  : Sourcing of 'C:/Users/super/OneDrive/Desktop/Universita/aes/assignment_3/audio_lab.sdk/design_1_wrapper_hw_platform_1/ps7_init.tcl' is done.
15:51:19 INFO  : Context for 'APU' is selected.
15:51:19 INFO  : System reset is completed.
15:51:22 INFO  : 'after 3000' command is executed.
15:51:22 INFO  : 'targets -set -filter {jtag_cable_name =~ "Digilent Zybo Z7 210351B0FC9BA" && level==0} -index 1' command is executed.
15:51:23 INFO  : FPGA configured successfully with bitstream "C:/Users/super/OneDrive/Desktop/Universita/aes/assignment_3/audio_lab.sdk/design_1_wrapper_hw_platform_1/design_1_wrapper.bit"
15:51:23 INFO  : Context for 'APU' is selected.
15:51:24 INFO  : Hardware design information is loaded from 'C:/Users/super/OneDrive/Desktop/Universita/aes/assignment_3/audio_lab.sdk/design_1_wrapper_hw_platform_1/system.hdf'.
15:51:24 INFO  : 'configparams force-mem-access 1' command is executed.
15:51:24 INFO  : Context for 'APU' is selected.
15:51:24 INFO  : 'ps7_init' command is executed.
15:51:24 INFO  : 'ps7_post_config' command is executed.
15:51:24 INFO  : Context for processor 'ps7_cortexa9_0' is selected.
15:51:24 INFO  : The application 'C:/Users/super/OneDrive/Desktop/Universita/aes/assignment_3/master/Debug/master.elf' is downloaded to processor 'ps7_cortexa9_0'.
15:51:24 INFO  : Context for processor 'ps7_cortexa9_1' is selected.
15:51:24 INFO  : The application 'C:/Users/super/OneDrive/Desktop/Universita/aes/assignment_3/worker/Debug/worker.elf' is downloaded to processor 'ps7_cortexa9_1'.
15:51:24 INFO  : 'configparams force-mem-access 0' command is executed.
15:51:24 INFO  : ----------------XSDB Script----------------
connect -url tcp:127.0.0.1:3121
source C:/Users/super/OneDrive/Desktop/Universita/aes/assignment_3/audio_lab.sdk/design_1_wrapper_hw_platform_1/ps7_init.tcl
targets -set -nocase -filter {name =~"APU*" && jtag_cable_name =~ "Digilent Zybo Z7 210351B0FC9BA"} -index 0
rst -system
after 3000
targets -set -filter {jtag_cable_name =~ "Digilent Zybo Z7 210351B0FC9BA" && level==0} -index 1
fpga -file C:/Users/super/OneDrive/Desktop/Universita/aes/assignment_3/audio_lab.sdk/design_1_wrapper_hw_platform_1/design_1_wrapper.bit
targets -set -nocase -filter {name =~"APU*" && jtag_cable_name =~ "Digilent Zybo Z7 210351B0FC9BA"} -index 0
loadhw -hw C:/Users/super/OneDrive/Desktop/Universita/aes/assignment_3/audio_lab.sdk/design_1_wrapper_hw_platform_1/system.hdf -mem-ranges [list {0x40000000 0xbfffffff}]
configparams force-mem-access 1
targets -set -nocase -filter {name =~"APU*" && jtag_cable_name =~ "Digilent Zybo Z7 210351B0FC9BA"} -index 0
ps7_init
ps7_post_config
targets -set -nocase -filter {name =~ "ARM*#0" && jtag_cable_name =~ "Digilent Zybo Z7 210351B0FC9BA"} -index 0
dow C:/Users/super/OneDrive/Desktop/Universita/aes/assignment_3/master/Debug/master.elf
targets -set -nocase -filter {name =~ "ARM*#1" && jtag_cable_name =~ "Digilent Zybo Z7 210351B0FC9BA"} -index 0
dow C:/Users/super/OneDrive/Desktop/Universita/aes/assignment_3/worker/Debug/worker.elf
configparams force-mem-access 0
----------------End of Script----------------

15:51:24 INFO  : Memory regions updated for context APU
15:51:25 INFO  : Context for processor 'ps7_cortexa9_0' is selected.
15:51:25 INFO  : 'con' command is executed.
15:51:25 INFO  : Context for processor 'ps7_cortexa9_1' is selected.
15:51:25 INFO  : 'con' command is executed.
15:51:25 INFO  : ----------------XSDB Script (After Launch)----------------
targets -set -nocase -filter {name =~ "ARM*#0" && jtag_cable_name =~ "Digilent Zybo Z7 210351B0FC9BA"} -index 0
con
targets -set -nocase -filter {name =~ "ARM*#1" && jtag_cable_name =~ "Digilent Zybo Z7 210351B0FC9BA"} -index 0
con
----------------End of Script----------------

15:51:25 INFO  : Launch script is exported to file 'C:\Users\super\OneDrive\Desktop\Universita\aes\assignment_3\.sdk\launch_scripts\xilinx_c-c++_application_(system_debugger)\system_debugger_on_local.tcl'
15:52:03 INFO  : Disconnected from the channel tcfchan#22.
15:52:04 INFO  : Connected to target on host '127.0.0.1' and port '3121'.
15:52:04 INFO  : Jtag cable 'Digilent Zybo Z7 210351B0FC9BA' is selected.
15:52:04 INFO  : 'jtag frequency' command is executed.
15:52:04 INFO  : Sourcing of 'C:/Users/super/OneDrive/Desktop/Universita/aes/assignment_3/audio_lab.sdk/design_1_wrapper_hw_platform_1/ps7_init.tcl' is done.
15:52:04 INFO  : Context for 'APU' is selected.
15:52:04 INFO  : System reset is completed.
15:52:07 INFO  : 'after 3000' command is executed.
15:52:07 INFO  : 'targets -set -filter {jtag_cable_name =~ "Digilent Zybo Z7 210351B0FC9BA" && level==0} -index 1' command is executed.
15:52:08 INFO  : FPGA configured successfully with bitstream "C:/Users/super/OneDrive/Desktop/Universita/aes/assignment_3/audio_lab.sdk/design_1_wrapper_hw_platform_1/design_1_wrapper.bit"
15:52:09 INFO  : Context for 'APU' is selected.
15:52:09 INFO  : Hardware design information is loaded from 'C:/Users/super/OneDrive/Desktop/Universita/aes/assignment_3/audio_lab.sdk/design_1_wrapper_hw_platform_1/system.hdf'.
15:52:09 INFO  : 'configparams force-mem-access 1' command is executed.
15:52:09 INFO  : Context for 'APU' is selected.
15:52:10 INFO  : 'ps7_init' command is executed.
15:52:10 INFO  : 'ps7_post_config' command is executed.
15:52:10 INFO  : Context for processor 'ps7_cortexa9_0' is selected.
15:52:10 INFO  : The application 'C:/Users/super/OneDrive/Desktop/Universita/aes/assignment_3/master/Debug/master.elf' is downloaded to processor 'ps7_cortexa9_0'.
15:52:10 INFO  : Context for processor 'ps7_cortexa9_1' is selected.
15:52:10 INFO  : The application 'C:/Users/super/OneDrive/Desktop/Universita/aes/assignment_3/worker/Debug/worker.elf' is downloaded to processor 'ps7_cortexa9_1'.
15:52:10 INFO  : 'configparams force-mem-access 0' command is executed.
15:52:10 INFO  : ----------------XSDB Script----------------
connect -url tcp:127.0.0.1:3121
source C:/Users/super/OneDrive/Desktop/Universita/aes/assignment_3/audio_lab.sdk/design_1_wrapper_hw_platform_1/ps7_init.tcl
targets -set -nocase -filter {name =~"APU*" && jtag_cable_name =~ "Digilent Zybo Z7 210351B0FC9BA"} -index 0
rst -system
after 3000
targets -set -filter {jtag_cable_name =~ "Digilent Zybo Z7 210351B0FC9BA" && level==0} -index 1
fpga -file C:/Users/super/OneDrive/Desktop/Universita/aes/assignment_3/audio_lab.sdk/design_1_wrapper_hw_platform_1/design_1_wrapper.bit
targets -set -nocase -filter {name =~"APU*" && jtag_cable_name =~ "Digilent Zybo Z7 210351B0FC9BA"} -index 0
loadhw -hw C:/Users/super/OneDrive/Desktop/Universita/aes/assignment_3/audio_lab.sdk/design_1_wrapper_hw_platform_1/system.hdf -mem-ranges [list {0x40000000 0xbfffffff}]
configparams force-mem-access 1
targets -set -nocase -filter {name =~"APU*" && jtag_cable_name =~ "Digilent Zybo Z7 210351B0FC9BA"} -index 0
ps7_init
ps7_post_config
targets -set -nocase -filter {name =~ "ARM*#0" && jtag_cable_name =~ "Digilent Zybo Z7 210351B0FC9BA"} -index 0
dow C:/Users/super/OneDrive/Desktop/Universita/aes/assignment_3/master/Debug/master.elf
targets -set -nocase -filter {name =~ "ARM*#1" && jtag_cable_name =~ "Digilent Zybo Z7 210351B0FC9BA"} -index 0
dow C:/Users/super/OneDrive/Desktop/Universita/aes/assignment_3/worker/Debug/worker.elf
configparams force-mem-access 0
----------------End of Script----------------

15:52:10 INFO  : Memory regions updated for context APU
15:52:10 INFO  : Context for processor 'ps7_cortexa9_0' is selected.
15:52:10 INFO  : 'con' command is executed.
15:52:10 INFO  : Context for processor 'ps7_cortexa9_1' is selected.
15:52:10 INFO  : 'con' command is executed.
15:52:10 INFO  : ----------------XSDB Script (After Launch)----------------
targets -set -nocase -filter {name =~ "ARM*#0" && jtag_cable_name =~ "Digilent Zybo Z7 210351B0FC9BA"} -index 0
con
targets -set -nocase -filter {name =~ "ARM*#1" && jtag_cable_name =~ "Digilent Zybo Z7 210351B0FC9BA"} -index 0
con
----------------End of Script----------------

15:52:10 INFO  : Launch script is exported to file 'C:\Users\super\OneDrive\Desktop\Universita\aes\assignment_3\.sdk\launch_scripts\xilinx_c-c++_application_(system_debugger)\system_debugger_on_local.tcl'
15:52:21 INFO  : Disconnected from the channel tcfchan#23.
15:52:22 INFO  : Connected to target on host '127.0.0.1' and port '3121'.
15:52:22 INFO  : Jtag cable 'Digilent Zybo Z7 210351B0FC9BA' is selected.
15:52:22 INFO  : 'jtag frequency' command is executed.
15:52:22 INFO  : Sourcing of 'C:/Users/super/OneDrive/Desktop/Universita/aes/assignment_3/audio_lab.sdk/design_1_wrapper_hw_platform_1/ps7_init.tcl' is done.
15:52:22 INFO  : Context for 'APU' is selected.
15:52:22 INFO  : System reset is completed.
15:52:25 INFO  : 'after 3000' command is executed.
15:52:25 INFO  : 'targets -set -filter {jtag_cable_name =~ "Digilent Zybo Z7 210351B0FC9BA" && level==0} -index 1' command is executed.
15:52:26 INFO  : FPGA configured successfully with bitstream "C:/Users/super/OneDrive/Desktop/Universita/aes/assignment_3/audio_lab.sdk/design_1_wrapper_hw_platform_1/design_1_wrapper.bit"
15:52:26 INFO  : Context for 'APU' is selected.
15:52:27 INFO  : Hardware design information is loaded from 'C:/Users/super/OneDrive/Desktop/Universita/aes/assignment_3/audio_lab.sdk/design_1_wrapper_hw_platform_1/system.hdf'.
15:52:27 INFO  : 'configparams force-mem-access 1' command is executed.
15:52:27 INFO  : Context for 'APU' is selected.
15:52:27 INFO  : 'ps7_init' command is executed.
15:52:27 INFO  : 'ps7_post_config' command is executed.
15:52:27 INFO  : Context for processor 'ps7_cortexa9_0' is selected.
15:52:27 INFO  : The application 'C:/Users/super/OneDrive/Desktop/Universita/aes/assignment_3/master/Debug/master.elf' is downloaded to processor 'ps7_cortexa9_0'.
15:52:27 INFO  : Context for processor 'ps7_cortexa9_1' is selected.
15:52:28 INFO  : The application 'C:/Users/super/OneDrive/Desktop/Universita/aes/assignment_3/worker/Debug/worker.elf' is downloaded to processor 'ps7_cortexa9_1'.
15:52:28 INFO  : 'configparams force-mem-access 0' command is executed.
15:52:28 INFO  : ----------------XSDB Script----------------
connect -url tcp:127.0.0.1:3121
source C:/Users/super/OneDrive/Desktop/Universita/aes/assignment_3/audio_lab.sdk/design_1_wrapper_hw_platform_1/ps7_init.tcl
targets -set -nocase -filter {name =~"APU*" && jtag_cable_name =~ "Digilent Zybo Z7 210351B0FC9BA"} -index 0
rst -system
after 3000
targets -set -filter {jtag_cable_name =~ "Digilent Zybo Z7 210351B0FC9BA" && level==0} -index 1
fpga -file C:/Users/super/OneDrive/Desktop/Universita/aes/assignment_3/audio_lab.sdk/design_1_wrapper_hw_platform_1/design_1_wrapper.bit
targets -set -nocase -filter {name =~"APU*" && jtag_cable_name =~ "Digilent Zybo Z7 210351B0FC9BA"} -index 0
loadhw -hw C:/Users/super/OneDrive/Desktop/Universita/aes/assignment_3/audio_lab.sdk/design_1_wrapper_hw_platform_1/system.hdf -mem-ranges [list {0x40000000 0xbfffffff}]
configparams force-mem-access 1
targets -set -nocase -filter {name =~"APU*" && jtag_cable_name =~ "Digilent Zybo Z7 210351B0FC9BA"} -index 0
ps7_init
ps7_post_config
targets -set -nocase -filter {name =~ "ARM*#0" && jtag_cable_name =~ "Digilent Zybo Z7 210351B0FC9BA"} -index 0
dow C:/Users/super/OneDrive/Desktop/Universita/aes/assignment_3/master/Debug/master.elf
targets -set -nocase -filter {name =~ "ARM*#1" && jtag_cable_name =~ "Digilent Zybo Z7 210351B0FC9BA"} -index 0
dow C:/Users/super/OneDrive/Desktop/Universita/aes/assignment_3/worker/Debug/worker.elf
configparams force-mem-access 0
----------------End of Script----------------

15:52:28 INFO  : Memory regions updated for context APU
15:52:28 INFO  : Context for processor 'ps7_cortexa9_0' is selected.
15:52:28 INFO  : 'con' command is executed.
15:52:28 INFO  : Context for processor 'ps7_cortexa9_1' is selected.
15:52:28 INFO  : 'con' command is executed.
15:52:28 INFO  : ----------------XSDB Script (After Launch)----------------
targets -set -nocase -filter {name =~ "ARM*#0" && jtag_cable_name =~ "Digilent Zybo Z7 210351B0FC9BA"} -index 0
con
targets -set -nocase -filter {name =~ "ARM*#1" && jtag_cable_name =~ "Digilent Zybo Z7 210351B0FC9BA"} -index 0
con
----------------End of Script----------------

15:52:28 INFO  : Launch script is exported to file 'C:\Users\super\OneDrive\Desktop\Universita\aes\assignment_3\.sdk\launch_scripts\xilinx_c-c++_application_(system_debugger)\system_debugger_on_local.tcl'
15:52:48 INFO  : Disconnected from the channel tcfchan#24.
15:52:49 INFO  : Connected to target on host '127.0.0.1' and port '3121'.
15:52:49 INFO  : Jtag cable 'Digilent Zybo Z7 210351B0FC9BA' is selected.
15:52:49 INFO  : 'jtag frequency' command is executed.
15:52:49 INFO  : Sourcing of 'C:/Users/super/OneDrive/Desktop/Universita/aes/assignment_3/audio_lab.sdk/design_1_wrapper_hw_platform_1/ps7_init.tcl' is done.
15:52:49 INFO  : Context for 'APU' is selected.
15:52:49 INFO  : System reset is completed.
15:52:52 INFO  : 'after 3000' command is executed.
15:52:52 INFO  : 'targets -set -filter {jtag_cable_name =~ "Digilent Zybo Z7 210351B0FC9BA" && level==0} -index 1' command is executed.
15:52:53 INFO  : FPGA configured successfully with bitstream "C:/Users/super/OneDrive/Desktop/Universita/aes/assignment_3/audio_lab.sdk/design_1_wrapper_hw_platform_1/design_1_wrapper.bit"
15:52:53 INFO  : Context for 'APU' is selected.
15:52:54 INFO  : Hardware design information is loaded from 'C:/Users/super/OneDrive/Desktop/Universita/aes/assignment_3/audio_lab.sdk/design_1_wrapper_hw_platform_1/system.hdf'.
15:52:54 INFO  : 'configparams force-mem-access 1' command is executed.
15:52:54 INFO  : Context for 'APU' is selected.
15:52:54 INFO  : 'ps7_init' command is executed.
15:52:54 INFO  : 'ps7_post_config' command is executed.
15:52:54 INFO  : Context for processor 'ps7_cortexa9_0' is selected.
15:52:54 INFO  : The application 'C:/Users/super/OneDrive/Desktop/Universita/aes/assignment_3/master/Debug/master.elf' is downloaded to processor 'ps7_cortexa9_0'.
15:52:54 INFO  : Context for processor 'ps7_cortexa9_1' is selected.
15:52:54 INFO  : The application 'C:/Users/super/OneDrive/Desktop/Universita/aes/assignment_3/worker/Debug/worker.elf' is downloaded to processor 'ps7_cortexa9_1'.
15:52:55 INFO  : 'configparams force-mem-access 0' command is executed.
15:52:55 INFO  : ----------------XSDB Script----------------
connect -url tcp:127.0.0.1:3121
source C:/Users/super/OneDrive/Desktop/Universita/aes/assignment_3/audio_lab.sdk/design_1_wrapper_hw_platform_1/ps7_init.tcl
targets -set -nocase -filter {name =~"APU*" && jtag_cable_name =~ "Digilent Zybo Z7 210351B0FC9BA"} -index 0
rst -system
after 3000
targets -set -filter {jtag_cable_name =~ "Digilent Zybo Z7 210351B0FC9BA" && level==0} -index 1
fpga -file C:/Users/super/OneDrive/Desktop/Universita/aes/assignment_3/audio_lab.sdk/design_1_wrapper_hw_platform_1/design_1_wrapper.bit
targets -set -nocase -filter {name =~"APU*" && jtag_cable_name =~ "Digilent Zybo Z7 210351B0FC9BA"} -index 0
loadhw -hw C:/Users/super/OneDrive/Desktop/Universita/aes/assignment_3/audio_lab.sdk/design_1_wrapper_hw_platform_1/system.hdf -mem-ranges [list {0x40000000 0xbfffffff}]
configparams force-mem-access 1
targets -set -nocase -filter {name =~"APU*" && jtag_cable_name =~ "Digilent Zybo Z7 210351B0FC9BA"} -index 0
ps7_init
ps7_post_config
targets -set -nocase -filter {name =~ "ARM*#0" && jtag_cable_name =~ "Digilent Zybo Z7 210351B0FC9BA"} -index 0
dow C:/Users/super/OneDrive/Desktop/Universita/aes/assignment_3/master/Debug/master.elf
targets -set -nocase -filter {name =~ "ARM*#1" && jtag_cable_name =~ "Digilent Zybo Z7 210351B0FC9BA"} -index 0
dow C:/Users/super/OneDrive/Desktop/Universita/aes/assignment_3/worker/Debug/worker.elf
configparams force-mem-access 0
----------------End of Script----------------

15:52:55 INFO  : Memory regions updated for context APU
15:52:55 INFO  : Context for processor 'ps7_cortexa9_0' is selected.
15:52:55 INFO  : 'con' command is executed.
15:52:55 INFO  : Context for processor 'ps7_cortexa9_1' is selected.
15:52:55 INFO  : 'con' command is executed.
15:52:55 INFO  : ----------------XSDB Script (After Launch)----------------
targets -set -nocase -filter {name =~ "ARM*#0" && jtag_cable_name =~ "Digilent Zybo Z7 210351B0FC9BA"} -index 0
con
targets -set -nocase -filter {name =~ "ARM*#1" && jtag_cable_name =~ "Digilent Zybo Z7 210351B0FC9BA"} -index 0
con
----------------End of Script----------------

15:52:55 INFO  : Launch script is exported to file 'C:\Users\super\OneDrive\Desktop\Universita\aes\assignment_3\.sdk\launch_scripts\xilinx_c-c++_application_(system_debugger)\system_debugger_on_local.tcl'
16:17:52 INFO  : Disconnected from the channel tcfchan#25.
16:17:53 INFO  : Connected to target on host '127.0.0.1' and port '3121'.
16:17:53 INFO  : Jtag cable 'Digilent Zybo Z7 210351B0FC9BA' is selected.
16:17:53 INFO  : 'jtag frequency' command is executed.
16:17:53 INFO  : Sourcing of 'C:/Users/super/OneDrive/Desktop/Universita/aes/assignment_3/audio_lab.sdk/design_1_wrapper_hw_platform_1/ps7_init.tcl' is done.
16:17:53 INFO  : Context for 'APU' is selected.
16:17:53 INFO  : System reset is completed.
16:17:56 INFO  : 'after 3000' command is executed.
16:17:56 INFO  : 'targets -set -filter {jtag_cable_name =~ "Digilent Zybo Z7 210351B0FC9BA" && level==0} -index 1' command is executed.
16:17:57 INFO  : FPGA configured successfully with bitstream "C:/Users/super/OneDrive/Desktop/Universita/aes/assignment_3/audio_lab.sdk/design_1_wrapper_hw_platform_1/design_1_wrapper.bit"
16:17:57 INFO  : Context for 'APU' is selected.
16:17:58 INFO  : Hardware design information is loaded from 'C:/Users/super/OneDrive/Desktop/Universita/aes/assignment_3/audio_lab.sdk/design_1_wrapper_hw_platform_1/system.hdf'.
16:17:58 INFO  : 'configparams force-mem-access 1' command is executed.
16:17:58 INFO  : Context for 'APU' is selected.
16:17:58 INFO  : 'ps7_init' command is executed.
16:17:58 INFO  : 'ps7_post_config' command is executed.
16:17:58 INFO  : Context for processor 'ps7_cortexa9_0' is selected.
16:17:58 INFO  : The application 'C:/Users/super/OneDrive/Desktop/Universita/aes/assignment_3/master/Debug/master.elf' is downloaded to processor 'ps7_cortexa9_0'.
16:17:58 INFO  : Context for processor 'ps7_cortexa9_1' is selected.
16:17:58 INFO  : The application 'C:/Users/super/OneDrive/Desktop/Universita/aes/assignment_3/worker/Debug/worker.elf' is downloaded to processor 'ps7_cortexa9_1'.
16:17:58 INFO  : 'configparams force-mem-access 0' command is executed.
16:17:58 INFO  : ----------------XSDB Script----------------
connect -url tcp:127.0.0.1:3121
source C:/Users/super/OneDrive/Desktop/Universita/aes/assignment_3/audio_lab.sdk/design_1_wrapper_hw_platform_1/ps7_init.tcl
targets -set -nocase -filter {name =~"APU*" && jtag_cable_name =~ "Digilent Zybo Z7 210351B0FC9BA"} -index 0
rst -system
after 3000
targets -set -filter {jtag_cable_name =~ "Digilent Zybo Z7 210351B0FC9BA" && level==0} -index 1
fpga -file C:/Users/super/OneDrive/Desktop/Universita/aes/assignment_3/audio_lab.sdk/design_1_wrapper_hw_platform_1/design_1_wrapper.bit
targets -set -nocase -filter {name =~"APU*" && jtag_cable_name =~ "Digilent Zybo Z7 210351B0FC9BA"} -index 0
loadhw -hw C:/Users/super/OneDrive/Desktop/Universita/aes/assignment_3/audio_lab.sdk/design_1_wrapper_hw_platform_1/system.hdf -mem-ranges [list {0x40000000 0xbfffffff}]
configparams force-mem-access 1
targets -set -nocase -filter {name =~"APU*" && jtag_cable_name =~ "Digilent Zybo Z7 210351B0FC9BA"} -index 0
ps7_init
ps7_post_config
targets -set -nocase -filter {name =~ "ARM*#0" && jtag_cable_name =~ "Digilent Zybo Z7 210351B0FC9BA"} -index 0
dow C:/Users/super/OneDrive/Desktop/Universita/aes/assignment_3/master/Debug/master.elf
targets -set -nocase -filter {name =~ "ARM*#1" && jtag_cable_name =~ "Digilent Zybo Z7 210351B0FC9BA"} -index 0
dow C:/Users/super/OneDrive/Desktop/Universita/aes/assignment_3/worker/Debug/worker.elf
configparams force-mem-access 0
----------------End of Script----------------

16:17:58 INFO  : Memory regions updated for context APU
16:17:59 INFO  : Context for processor 'ps7_cortexa9_0' is selected.
16:17:59 INFO  : 'con' command is executed.
16:17:59 INFO  : Context for processor 'ps7_cortexa9_1' is selected.
16:17:59 INFO  : 'con' command is executed.
16:17:59 INFO  : ----------------XSDB Script (After Launch)----------------
targets -set -nocase -filter {name =~ "ARM*#0" && jtag_cable_name =~ "Digilent Zybo Z7 210351B0FC9BA"} -index 0
con
targets -set -nocase -filter {name =~ "ARM*#1" && jtag_cable_name =~ "Digilent Zybo Z7 210351B0FC9BA"} -index 0
con
----------------End of Script----------------

16:17:59 INFO  : Launch script is exported to file 'C:\Users\super\OneDrive\Desktop\Universita\aes\assignment_3\.sdk\launch_scripts\xilinx_c-c++_application_(system_debugger)\system_debugger_on_local.tcl'
16:22:50 INFO  : Disconnected from the channel tcfchan#26.
16:22:51 INFO  : Connected to target on host '127.0.0.1' and port '3121'.
16:22:51 INFO  : Jtag cable 'Digilent Zybo Z7 210351B0FC9BA' is selected.
16:22:51 INFO  : 'jtag frequency' command is executed.
16:22:51 INFO  : Sourcing of 'C:/Users/super/OneDrive/Desktop/Universita/aes/assignment_3/audio_lab.sdk/design_1_wrapper_hw_platform_1/ps7_init.tcl' is done.
16:22:51 INFO  : Context for 'APU' is selected.
16:22:51 INFO  : System reset is completed.
16:22:54 INFO  : 'after 3000' command is executed.
16:22:54 INFO  : 'targets -set -filter {jtag_cable_name =~ "Digilent Zybo Z7 210351B0FC9BA" && level==0} -index 1' command is executed.
16:22:55 INFO  : FPGA configured successfully with bitstream "C:/Users/super/OneDrive/Desktop/Universita/aes/assignment_3/audio_lab.sdk/design_1_wrapper_hw_platform_1/design_1_wrapper.bit"
16:22:55 INFO  : Context for 'APU' is selected.
16:22:56 INFO  : Hardware design information is loaded from 'C:/Users/super/OneDrive/Desktop/Universita/aes/assignment_3/audio_lab.sdk/design_1_wrapper_hw_platform_1/system.hdf'.
16:22:56 INFO  : 'configparams force-mem-access 1' command is executed.
16:22:56 INFO  : Context for 'APU' is selected.
16:22:56 INFO  : 'ps7_init' command is executed.
16:22:56 INFO  : 'ps7_post_config' command is executed.
16:22:56 INFO  : Context for processor 'ps7_cortexa9_0' is selected.
16:22:57 INFO  : The application 'C:/Users/super/OneDrive/Desktop/Universita/aes/assignment_3/master/Debug/master.elf' is downloaded to processor 'ps7_cortexa9_0'.
16:22:57 INFO  : Context for processor 'ps7_cortexa9_1' is selected.
16:22:57 INFO  : The application 'C:/Users/super/OneDrive/Desktop/Universita/aes/assignment_3/worker/Debug/worker.elf' is downloaded to processor 'ps7_cortexa9_1'.
16:22:57 INFO  : 'configparams force-mem-access 0' command is executed.
16:22:57 INFO  : ----------------XSDB Script----------------
connect -url tcp:127.0.0.1:3121
source C:/Users/super/OneDrive/Desktop/Universita/aes/assignment_3/audio_lab.sdk/design_1_wrapper_hw_platform_1/ps7_init.tcl
targets -set -nocase -filter {name =~"APU*" && jtag_cable_name =~ "Digilent Zybo Z7 210351B0FC9BA"} -index 0
rst -system
after 3000
targets -set -filter {jtag_cable_name =~ "Digilent Zybo Z7 210351B0FC9BA" && level==0} -index 1
fpga -file C:/Users/super/OneDrive/Desktop/Universita/aes/assignment_3/audio_lab.sdk/design_1_wrapper_hw_platform_1/design_1_wrapper.bit
targets -set -nocase -filter {name =~"APU*" && jtag_cable_name =~ "Digilent Zybo Z7 210351B0FC9BA"} -index 0
loadhw -hw C:/Users/super/OneDrive/Desktop/Universita/aes/assignment_3/audio_lab.sdk/design_1_wrapper_hw_platform_1/system.hdf -mem-ranges [list {0x40000000 0xbfffffff}]
configparams force-mem-access 1
targets -set -nocase -filter {name =~"APU*" && jtag_cable_name =~ "Digilent Zybo Z7 210351B0FC9BA"} -index 0
ps7_init
ps7_post_config
targets -set -nocase -filter {name =~ "ARM*#0" && jtag_cable_name =~ "Digilent Zybo Z7 210351B0FC9BA"} -index 0
dow C:/Users/super/OneDrive/Desktop/Universita/aes/assignment_3/master/Debug/master.elf
targets -set -nocase -filter {name =~ "ARM*#1" && jtag_cable_name =~ "Digilent Zybo Z7 210351B0FC9BA"} -index 0
dow C:/Users/super/OneDrive/Desktop/Universita/aes/assignment_3/worker/Debug/worker.elf
configparams force-mem-access 0
----------------End of Script----------------

16:22:57 INFO  : Memory regions updated for context APU
16:22:57 INFO  : Context for processor 'ps7_cortexa9_0' is selected.
16:22:57 INFO  : 'con' command is executed.
16:22:57 INFO  : Context for processor 'ps7_cortexa9_1' is selected.
16:22:57 INFO  : 'con' command is executed.
16:22:57 INFO  : ----------------XSDB Script (After Launch)----------------
targets -set -nocase -filter {name =~ "ARM*#0" && jtag_cable_name =~ "Digilent Zybo Z7 210351B0FC9BA"} -index 0
con
targets -set -nocase -filter {name =~ "ARM*#1" && jtag_cable_name =~ "Digilent Zybo Z7 210351B0FC9BA"} -index 0
con
----------------End of Script----------------

16:22:57 INFO  : Launch script is exported to file 'C:\Users\super\OneDrive\Desktop\Universita\aes\assignment_3\.sdk\launch_scripts\xilinx_c-c++_application_(system_debugger)\system_debugger_on_local.tcl'
16:27:40 INFO  : Disconnected from the channel tcfchan#27.
16:27:41 INFO  : Connected to target on host '127.0.0.1' and port '3121'.
16:27:41 INFO  : Jtag cable 'Digilent Zybo Z7 210351B0FC9BA' is selected.
16:27:41 INFO  : 'jtag frequency' command is executed.
16:27:41 INFO  : Sourcing of 'C:/Users/super/OneDrive/Desktop/Universita/aes/assignment_3/audio_lab.sdk/design_1_wrapper_hw_platform_1/ps7_init.tcl' is done.
16:27:41 INFO  : Context for 'APU' is selected.
16:27:41 INFO  : System reset is completed.
16:27:44 INFO  : 'after 3000' command is executed.
16:27:44 INFO  : 'targets -set -filter {jtag_cable_name =~ "Digilent Zybo Z7 210351B0FC9BA" && level==0} -index 1' command is executed.
16:27:45 INFO  : FPGA configured successfully with bitstream "C:/Users/super/OneDrive/Desktop/Universita/aes/assignment_3/audio_lab.sdk/design_1_wrapper_hw_platform_1/design_1_wrapper.bit"
16:27:45 INFO  : Context for 'APU' is selected.
16:27:46 INFO  : Hardware design information is loaded from 'C:/Users/super/OneDrive/Desktop/Universita/aes/assignment_3/audio_lab.sdk/design_1_wrapper_hw_platform_1/system.hdf'.
16:27:46 INFO  : 'configparams force-mem-access 1' command is executed.
16:27:46 INFO  : Context for 'APU' is selected.
16:27:47 INFO  : 'ps7_init' command is executed.
16:27:47 INFO  : 'ps7_post_config' command is executed.
16:27:47 INFO  : Context for processor 'ps7_cortexa9_0' is selected.
16:27:47 INFO  : The application 'C:/Users/super/OneDrive/Desktop/Universita/aes/assignment_3/master/Debug/master.elf' is downloaded to processor 'ps7_cortexa9_0'.
16:27:47 INFO  : Context for processor 'ps7_cortexa9_1' is selected.
16:27:47 INFO  : The application 'C:/Users/super/OneDrive/Desktop/Universita/aes/assignment_3/worker/Debug/worker.elf' is downloaded to processor 'ps7_cortexa9_1'.
16:27:47 INFO  : 'configparams force-mem-access 0' command is executed.
16:27:47 INFO  : ----------------XSDB Script----------------
connect -url tcp:127.0.0.1:3121
source C:/Users/super/OneDrive/Desktop/Universita/aes/assignment_3/audio_lab.sdk/design_1_wrapper_hw_platform_1/ps7_init.tcl
targets -set -nocase -filter {name =~"APU*" && jtag_cable_name =~ "Digilent Zybo Z7 210351B0FC9BA"} -index 0
rst -system
after 3000
targets -set -filter {jtag_cable_name =~ "Digilent Zybo Z7 210351B0FC9BA" && level==0} -index 1
fpga -file C:/Users/super/OneDrive/Desktop/Universita/aes/assignment_3/audio_lab.sdk/design_1_wrapper_hw_platform_1/design_1_wrapper.bit
targets -set -nocase -filter {name =~"APU*" && jtag_cable_name =~ "Digilent Zybo Z7 210351B0FC9BA"} -index 0
loadhw -hw C:/Users/super/OneDrive/Desktop/Universita/aes/assignment_3/audio_lab.sdk/design_1_wrapper_hw_platform_1/system.hdf -mem-ranges [list {0x40000000 0xbfffffff}]
configparams force-mem-access 1
targets -set -nocase -filter {name =~"APU*" && jtag_cable_name =~ "Digilent Zybo Z7 210351B0FC9BA"} -index 0
ps7_init
ps7_post_config
targets -set -nocase -filter {name =~ "ARM*#0" && jtag_cable_name =~ "Digilent Zybo Z7 210351B0FC9BA"} -index 0
dow C:/Users/super/OneDrive/Desktop/Universita/aes/assignment_3/master/Debug/master.elf
targets -set -nocase -filter {name =~ "ARM*#1" && jtag_cable_name =~ "Digilent Zybo Z7 210351B0FC9BA"} -index 0
dow C:/Users/super/OneDrive/Desktop/Universita/aes/assignment_3/worker/Debug/worker.elf
configparams force-mem-access 0
----------------End of Script----------------

16:27:47 INFO  : Memory regions updated for context APU
16:27:47 INFO  : Context for processor 'ps7_cortexa9_0' is selected.
16:27:47 INFO  : 'con' command is executed.
16:27:47 INFO  : Context for processor 'ps7_cortexa9_1' is selected.
16:27:47 INFO  : 'con' command is executed.
16:27:47 INFO  : ----------------XSDB Script (After Launch)----------------
targets -set -nocase -filter {name =~ "ARM*#0" && jtag_cable_name =~ "Digilent Zybo Z7 210351B0FC9BA"} -index 0
con
targets -set -nocase -filter {name =~ "ARM*#1" && jtag_cable_name =~ "Digilent Zybo Z7 210351B0FC9BA"} -index 0
con
----------------End of Script----------------

16:27:47 INFO  : Launch script is exported to file 'C:\Users\super\OneDrive\Desktop\Universita\aes\assignment_3\.sdk\launch_scripts\xilinx_c-c++_application_(system_debugger)\system_debugger_on_local.tcl'
